grade_A_Component_1,grade_A_Component_2,max_luminosity,thickness,xmin,xmax,ymin,ymax,pixel_area,log_area,x_component_1,x_component_2,x_component_3,x_component_4,x_component_5,max_luminosity_binned,thickness_binned
1,0,4.812184355372417,65,5.744562646538029,7.3484692283495345,1283.1363918149932,1283.313289886768,25.13961017995307,25.147400452085996,0,1,0,0,0,1.0,1.0
0,1,5.062595033026967,99,11.180339887498949,11.489125293076057,435.74533847191066,435.34928505741226,20.518284528683193,20.54090088043019,0,0,0,0,0,3.0,1.0
0,1,4.787491742782046,35,8.0,8.660254037844387,3603.730428320076,3603.7289021234656,16.492422502470642,16.49885491957956,1,0,0,0,0,1.0,0.0
0,1,4.867534450455582,39,7.54983443527075,13.30413469565007,556.4476615100472,557.515919055232,57.54997827975264,57.552676571882685,0,0,1,0,0,2.0,0.0
1,0,4.955827057601261,75,4.795831523312719,8.888194417315589,2316.960724742653,2316.7794456961155,29.359836511806396,29.368336328632882,0,0,0,0,0,2.0,1.0
0,1,4.897839799950911,287,29.24038303442689,29.34280150224242,608.4554215388339,607.7293805634215,14.422205101855956,14.436836858985044,1,0,0,0,0,2.0,6.0
0,1,4.844187086458591,36,6.6332495807108,14.66287829861518,1411.2384631946509,1411.773707079148,85.17041739947034,85.17077287354961,0,0,1,0,0,1.0,0.0
0,1,5.10594547390058,43,6.4031242374328485,16.24807680927192,808.0748727686067,808.8201283350953,136.7186892857008,136.7214133338254,0,0,1,0,0,3.0,0.0
1,0,4.941642422609304,70,38.0,38.19685850956856,2448.7862299514836,2448.8291079615988,18.384776310850235,18.39613146854953,0,0,0,0,1,2.0,1.0
0,1,4.9344739331306915,178,24.79919353527449,25.0,98.48350115628506,100.85137579626765,11.180339887498949,11.18917395571038,0,0,0,0,0,2.0,3.0
0,1,5.0106352940962555,133,9.055385138137417,9.848857801796104,1233.98338724636,1234.1089903245986,25.942243542145693,25.960580114773325,0,0,0,0,0,3.0,2.0
0,1,4.962844630259907,35,6.244997998398398,14.142135623730951,745.1167693724253,745.2992687504799,78.14089838234521,78.14406343167462,0,0,1,0,0,2.0,0.0
0,1,4.844187086458591,45,22.045407685048602,22.427661492005804,1158.92579572637,1158.9572899809552,22.11334438749598,22.117619573794276,0,0,0,0,0,1.0,0.0
1,0,4.983606621708336,71,23.323807579381203,24.020824298928627,1725.8768785750622,1726.09849081679,26.68332812825267,26.687932795498046,0,0,0,0,0,3.0,1.0
0,1,4.8283137373023015,44,6.782329983125268,14.52583904633395,1516.7725604058112,1516.6542124030777,79.92496481075234,79.9256370080473,0,0,1,0,0,1.0,0.0
0,1,5.049856007249537,96,10.0,12.922847983320086,436.0676553013305,435.7533706123224,19.544820285692065,19.55535221947523,0,0,0,0,0,3.0,1.0
0,1,4.927253685157205,94,40.0,40.13726448077895,1262.9604110976718,1263.1056962899027,31.575306807693888,31.576124976829345,1,0,0,0,0,2.0,1.0
1,0,5.159055299214529,73,24.899799195977465,25.729360660537214,1136.753271383021,1137.1354360849018,12.489995996796797,12.521599481537166,0,0,0,0,0,3.0,1.0
1,0,4.836281906951478,72,40.19950248448356,40.38564101261734,1311.5345973324531,1311.599405306361,21.77154105707724,21.783175165928167,0,0,0,0,0,1.0,1.0
1,0,4.890349128221754,69,16.0,16.24807680927192,980.7650075323854,980.6635508674726,15.524174696260024,15.547582925340054,0,0,0,0,0,2.0,1.0
1,0,5.017279836814924,65,9.273618495495704,9.746794344808963,1587.347157996637,1587.6476309307427,17.832554500127006,17.833317985430245,0,0,0,0,0,3.0,1.0
1,0,4.672828834461906,63,40.11234224026316,40.26164427839479,1080.9773355625916,1081.4726071426867,11.224972160321824,11.269064854110859,0,0,0,0,0,0.0,1.0
0,1,5.017279836814924,36,6.708203932499369,13.892443989449804,1293.4751640445209,1293.3649910214826,106.29205050237765,106.29269316105845,0,0,1,0,0,3.0,0.0
0,1,4.882801922586371,37,22.847319317591726,22.978250586152114,531.5486807433539,530.7701950938844,18.788294228055936,18.793607213585368,0,0,0,0,0,2.0,0.0
0,1,4.983606621708336,45,27.694764848252458,27.820855486487112,937.1824795630785,937.6907805881425,8.602325267042627,8.654924151311375,0,0,0,1,0,3.0,0.0
0,1,4.941642422609304,38,18.681541692269406,19.183326093250876,1060.2537432143308,1060.3579584272472,22.64950330581225,22.66720763160885,0,0,0,0,0,2.0,0.0
0,1,4.875197323201151,105,24.819347291981714,25.03996805109783,1477.321224378774,1477.1648520053543,19.519221295943137,19.532282943194897,0,0,0,0,1,2.0,1.0
0,1,4.90527477843843,55,17.435595774162696,17.74823934929885,1261.9956418308266,1262.071709531594,10.677078252031311,10.708655101754314,0,0,0,1,0,2.0,0.0
0,1,5.003946305945459,40,12.12435565298214,13.379088160259652,584.0804739074916,583.8415881041706,19.8997487421324,19.905966802159487,0,0,0,0,0,3.0,0.0
1,0,4.919980925828125,67,12.041594578792296,13.674794331177344,366.59514453958604,365.8838613549387,50.25932749251625,50.26192071915239,0,1,0,0,0,2.0,1.0
1,0,4.418840607796598,72,1.7320508075688772,4.0,702.8178996013121,703.474235491251,24.331050121192877,24.338552216152035,0,1,0,0,0,0.0,1.0
0,1,4.983606621708336,45,34.11744421846396,34.219877264537345,1107.1666541221334,1107.1165250324827,15.198684153570664,15.229842757625343,0,0,0,0,0,3.0,0.0
0,1,5.017279836814924,36,33.075670817082454,33.24154027718932,504.2588620936671,505.023761817204,18.384776310850235,18.38922137479996,0,0,0,0,0,3.0,0.0
1,0,5.111987788356544,75,1.0,5.0990195135927845,1183.1289025292215,1182.7205925323192,17.0,17.014564956710327,0,0,0,0,0,3.0,1.0
0,1,4.962844630259907,37,27.92848008753788,28.42534080710379,1935.6825669515133,1935.7246705045632,14.66287829861518,14.667838237562878,0,0,0,0,0,2.0,0.0
1,0,4.983606621708336,105,23.473389188611005,24.24871130596428,1443.8770723299126,1443.9106620563475,31.701734968294716,31.717470506676065,0,0,0,0,0,3.0,1.0
0,1,4.718498871295094,297,16.06237840420901,16.792855623746664,475.5039432013156,473.6665493783575,29.5296461204668,29.544389289885657,0,0,0,0,0,1.0,6.0
0,1,4.962844630259907,45,26.90724809414742,27.110883423451916,2273.5621830070977,2273.528755041378,17.549928774784245,17.5719890194672,0,0,0,0,0,2.0,0.0
0,1,5.0106352940962555,174,11.575836902790225,12.806248474865697,647.1166819052032,647.8371709002193,22.715633383201094,22.71714472243351,0,0,0,0,0,3.0,3.0
0,1,5.017279836814924,42,28.495613697550013,28.77498913987632,3401.442782114672,3401.3050436560375,20.952326839756964,20.974784860688942,0,0,0,0,0,3.0,0.0
1,0,4.477336814478207,78,40.23679907746142,40.52159917870962,822.1015752326473,822.1745556753748,27.622454633866266,27.63686228921746,0,0,1,0,0,0.0,1.0
1,0,4.6443908991413725,145,40.8656334834051,41.0,676.204850618509,676.0931888430765,10.392304845413264,10.42653970022732,0,0,0,0,0,0.0,2.0
0,1,5.0106352940962555,44,6.6332495807108,14.071247279470288,1308.3401698335185,1307.862378081119,105.47985589675405,105.48371960378135,0,0,1,0,0,3.0,0.0
0,1,4.882801922586371,41,27.874719729532707,28.035691537752374,1170.4499134948064,1170.4793889684688,14.317821063276353,14.350618420615723,0,0,0,0,0,2.0,0.0
1,0,4.990432586778736,80,35.52463933666322,35.79106033634656,296.59568439206936,297.4743686437539,19.974984355438178,19.980871515469296,0,0,0,0,0,3.0,1.0
0,1,4.836281906951478,45,35.298725189445584,35.84689665786984,238.17640521260708,238.7069332884992,29.88310559496787,29.896649760473867,0,0,0,0,0,1.0,0.0
1,0,4.795790545596741,65,36.49657518178932,36.701498607005135,266.2724168966812,266.89885724745994,22.338307903688676,22.351072735883765,0,0,0,0,0,1.0,1.0
1,0,4.875197323201151,102,23.57965224510319,23.895606290697042,863.3018012259676,863.2004402223159,15.427248620541512,15.439427057158538,0,0,0,0,0,2.0,1.0
1,0,4.875197323201151,83,35.41186241925155,36.72873534441391,596.3698516860154,595.9370772153718,45.880278987817846,45.89016004209784,0,0,0,0,0,2.0,1.0
1,0,4.844187086458591,96,34.132096331752024,34.23448553724738,1473.9803255132003,1474.0379913692861,11.180339887498949,11.194571425984506,0,0,0,0,0,1.0,1.0
0,1,4.969813299576001,37,9.16515138991168,9.797958971132712,1878.7836490665975,1878.5063215225016,15.620499351813308,15.623573668500626,1,0,0,0,0,2.0,0.0
1,0,4.897839799950911,70,26.076809620810597,26.210684844162312,1838.0315557682898,1838.1944946060523,18.65475810617763,18.681147191465165,0,0,0,0,0,2.0,1.0
0,1,4.820281565605037,38,35.31288716601915,35.608987629529715,509.70775940729015,510.96183810535206,22.494443758403985,22.502099777861183,0,0,0,0,0,1.0,0.0
1,0,4.48863636973214,304,18.57417562100671,18.947295321496416,338.03402195637057,338.2572985169721,11.357816691600547,11.369908788461364,0,0,0,0,0,0.0,6.0
0,1,4.976733742420574,52,33.76388603226827,33.95585369269929,1316.3624121039009,1316.27960555499,11.313708498984761,11.356983058069671,0,0,0,1,0,2.0,0.0
0,1,5.0689042022202315,35,19.748417658131498,20.199009876724155,719.2822811664416,718.4003062360149,13.152946437965905,13.190236818827389,0,0,0,0,0,3.0,0.0
1,0,4.820281565605037,96,14.560219778561036,16.09347693943108,3106.514606435965,3106.3398075548657,35.63705936241092,35.64138947829101,0,0,0,0,0,1.0,1.0
0,1,4.709530201312334,127,20.518284528683193,20.639767440550294,301.9536388255654,300.6060544965786,10.488088481701515,10.50152130469462,0,0,0,0,0,1.0,2.0
0,1,4.875197323201151,39,6.244997998398398,14.106735979665885,769.0507135423516,767.7994529823527,79.88742078700501,79.8909023534869,0,0,1,0,0,2.0,0.0
0,1,4.812184355372417,38,9.433981132056603,14.89966442575134,2759.0534608811045,2759.3240114201885,62.96824596572466,62.97394380836428,0,0,1,0,0,1.0,0.0
0,1,4.919980925828125,35,6.708203932499369,14.730919862656235,1715.3483611208542,1715.7243368326976,84.30895563343196,84.30960484728634,0,0,1,0,0,2.0,0.0
0,1,4.976733742420574,42,17.578395831246947,19.157244060668017,1478.0659660515832,1478.027063351683,17.635192088548397,17.641770769866948,0,0,0,0,0,2.0,0.0
0,1,4.770684624465665,37,12.449899597988733,12.767145334803704,165.99397579430405,166.9431040804022,17.52141546793523,17.533511542491432,0,0,0,0,0,1.0,0.0
0,1,4.852030263919617,300,38.66522985836241,39.534794801541594,351.2363876365887,352.62444611796275,33.03028912982749,33.04458070135471,0,0,0,0,0,1.0,6.0
0,1,4.962844630259907,37,31.63858403911275,31.843366656181317,959.953123855535,959.6077323573419,17.69180601295413,17.704295857765715,0,0,0,0,0,2.0,0.0
1,0,4.7535901911063645,66,12.96148139681572,13.416407864998739,1171.8681666467435,1172.2730057456752,13.228756555322953,13.261279346843983,0,1,0,0,0,1.0,1.0
0,1,4.787491742782046,40,6.6332495807108,14.0,664.8804403800732,664.7119676972877,79.13911801378633,79.14404719390595,0,0,1,0,0,1.0,0.0
0,1,4.795790545596741,203,1.4142135623730951,3.4641016151377544,361.9184991127146,360.4774611539534,18.083141320025124,18.097392731209244,0,0,0,0,0,1.0,4.0
1,0,4.762173934797756,64,5.916079783099616,6.48074069840786,1577.3357283723715,1577.7274796364547,18.920887928424502,18.931506015834714,0,0,0,0,0,1.0,1.0
1,0,4.875197323201151,84,32.341923257592455,32.48076353782343,1040.4431748058132,1040.6920774177154,17.11724276862369,17.137752780446082,0,0,0,0,0,2.0,1.0
1,0,4.844187086458591,63,40.4103947023535,40.50925820105819,767.5526040604644,768.1848735818742,13.379088160259652,13.39755996552941,0,0,0,0,0,1.0,1.0
0,1,4.948759890378168,37,34.95711658589707,35.14256678161116,837.2078594948807,837.5523864212913,18.867962264113206,18.88472063335218,0,0,0,0,0,2.0,0.0
0,1,4.941642422609304,41,6.782329983125268,13.564659966250536,1594.3387343974305,1594.6736343214557,69.24593850905626,69.24617699148068,0,0,1,0,0,2.0,0.0
1,0,5.062595033026967,65,14.2828568570857,14.933184523068078,2349.6444411867938,2349.688277197637,18.193405398660254,18.204830463709232,0,0,0,0,0,3.0,1.0
0,1,5.030437921392435,190,32.817678162843876,32.93933818400121,621.4941673097183,621.2439134510696,13.114877048604,13.117513892374294,0,0,0,0,0,3.0,3.0
0,1,4.941642422609304,43,6.48074069840786,14.730919862656235,844.2043591453435,844.5762250975338,137.97825915701358,137.9790947051323,0,0,1,0,0,2.0,0.0
1,0,4.727387818712341,202,6.4031242374328485,7.874007874011811,1955.9197325043785,1955.9555209666707,23.664319132398465,23.67079132011272,0,0,0,0,0,1.0,4.0
0,1,4.941642422609304,38,6.4031242374328485,14.66287829861518,1140.2473415886573,1140.0991184980367,109.14669028422254,109.14983914763907,0,0,1,0,0,2.0,0.0
0,1,4.976733742420574,38,18.947295321496416,21.494185260204677,1484.367542086528,1484.396173533198,25.98076211353316,25.98676306236953,0,0,0,0,0,2.0,0.0
1,0,4.976733742420574,82,16.881943016134134,18.439088914585774,917.1810072172232,917.4431862518791,34.20526275297414,34.20936996113658,0,0,0,0,0,2.0,1.0
0,1,4.890349128221754,44,14.106735979665885,14.491376746189438,395.33656547301564,397.1145930332956,12.12435565298214,12.139904197848768,0,0,0,0,0,2.0,0.0
1,0,4.955827057601261,84,25.748786379167466,25.942243542145693,883.4251524605805,883.8551917593741,11.958260743101398,11.973579100776732,0,0,0,0,0,2.0,1.0
0,1,4.969813299576001,53,27.80287754891569,27.964262908219126,1198.3008804135964,1198.4994785146966,12.489995996796797,12.524625549257642,0,0,0,1,0,2.0,0.0
0,1,4.983606621708336,37,6.4031242374328485,13.674794331177344,648.480531704692,647.8518349128911,70.76015828133795,70.76309353453611,0,0,1,0,0,3.0,0.0
1,0,4.976733742420574,61,36.207733980463345,36.318039594669756,983.5481686221575,983.8155314895166,14.628738838327793,14.637066116572328,0,0,0,0,0,2.0,1.0
1,0,4.990432586778736,78,9.38083151964686,10.04987562112089,831.3001864549292,830.7731338939651,17.72004514666935,17.741591928034957,0,0,0,0,0,3.0,1.0
0,1,4.9344739331306915,62,33.704599092705436,33.793490497431605,1192.4042938533894,1192.0037751618072,15.066519173319364,15.067703453558584,1,0,0,0,0,2.0,1.0
1,0,4.795790545596741,97,32.66496594212215,32.89376840679705,671.6829609272518,671.6784945195134,16.15549442140351,16.163418750131175,0,0,0,0,0,1.0,1.0
1,0,4.30406509320417,304,17.320508075688775,17.74823934929885,358.2457257246763,359.3313234328452,16.186414056238647,16.20157285218745,0,0,0,0,0,0.0,6.0
1,0,4.804021044733257,73,27.018512172212592,27.23967694375247,911.8558000034874,912.8132339093249,13.74772708486752,13.759913238656297,0,0,0,0,0,1.0,1.0
1,0,4.68213122712422,65,40.97560249709576,41.048751503547585,1078.14238391782,1077.405680326589,17.663521732655695,17.69126753743186,0,0,0,0,0,0.0,1.0
0,1,4.882801922586371,45,11.269427669584644,12.96148139681572,275.8767840902891,273.52513595646013,22.22611077089287,22.242983903251293,0,0,1,0,0,2.0,0.0
0,1,4.948759890378168,39,6.244997998398398,14.594519519326424,1669.5744966906987,1669.3939019895813,78.86697661252141,78.86872374173132,0,0,1,0,0,2.0,0.0
0,1,4.897839799950911,40,6.6332495807108,14.66287829861518,1615.2835664365562,1615.623099612035,78.06407624509497,78.0660796351894,0,0,0,0,0,2.0,0.0
0,1,5.3706380281276624,43,29.24038303442689,29.410882339705484,472.88159194453743,471.4297402582913,10.099504938362077,10.105801717136252,0,0,1,0,0,4.0,0.0
1,0,4.875197323201151,60,36.59234892706397,36.76955262170047,1738.7150427830318,1739.0253017135776,12.0,12.015061782435353,0,0,0,0,0,2.0,1.0
0,1,4.859812404361672,35,24.698178070456937,25.0,2606.3056229076437,2605.977167973657,18.411952639521967,18.412666899548736,0,0,0,0,0,1.0,0.0
1,0,4.499809670330265,68,4.69041575982343,5.196152422706632,1680.8807215266645,1680.631726464784,14.966629547095765,14.98610989566354,0,1,0,0,0,0.0,1.0
0,1,4.919980925828125,45,6.48074069840786,13.96424004376894,1501.2248332611607,1501.4286529835508,72.42237223399962,72.42318155882244,0,0,1,0,0,2.0,0.0
0,1,4.890349128221754,43,15.620499351813308,19.364916731037084,1912.436142724771,1912.9704650098495,89.02808545621994,89.02983807379073,0,0,1,0,0,2.0,0.0
1,0,5.081404364984463,144,31.432467291003423,31.78049716414141,946.1553783602353,946.1638335933159,15.362291495737216,15.386144119268076,0,0,0,0,0,3.0,2.0
0,1,4.77912349311153,39,36.959437225152655,37.080992435478315,1459.2686524420376,1458.9119233181968,15.297058540778355,15.321791515554164,1,0,0,0,0,1.0,0.0
1,0,4.962844630259907,74,39.26830783214372,39.534794801541594,1229.2692951505785,1229.3660968157533,69.74955196988724,69.7522266743835,1,0,0,0,0,2.0,1.0
1,0,4.859812404361672,66,5.291502622129181,7.483314773547883,1669.5304729174607,1669.2657068304015,39.64845520319802,39.65136307604888,0,1,0,0,0,1.0,1.0
1,0,4.9344739331306915,66,13.379088160259652,13.96424004376894,1024.1977348149135,1023.9028274206494,19.595917942265423,19.603045953077313,0,1,0,0,0,2.0,1.0
0,1,4.997212273764115,45,15.588457268119896,19.05255888325765,1926.3966362096878,1926.8354885666809,85.67379996241559,85.67796440849446,0,0,1,0,0,3.0,0.0
1,0,4.969813299576001,79,11.224972160321824,11.74734012447073,1155.2406675667196,1155.2043109337847,18.520259177452136,18.527997355604395,1,0,0,0,0,2.0,1.0
0,1,4.976733742420574,35,6.244997998398398,13.92838827718412,840.9928656058861,840.7847524783023,80.0749648766704,80.07899682209722,0,0,1,0,0,2.0,0.0
1,0,4.9344739331306915,75,35.679125549822544,35.90264614203248,539.1205802044659,538.6863651513745,20.42057785666214,20.427871916934198,0,0,0,0,0,2.0,1.0
0,1,4.983606621708336,36,7.280109889280518,13.564659966250536,410.33401028917893,410.2913598895302,63.111013301958636,63.112158634288974,0,0,1,0,0,3.0,0.0
1,0,4.990432586778736,139,28.91366458960192,29.171904291629644,843.7837400661381,844.0995201988922,14.142135623730951,14.16921995075718,0,0,0,0,0,3.0,2.0
0,1,4.962844630259907,35,6.708203932499369,14.035668847618199,1394.9724011606825,1394.5834503535455,104.47966309287182,104.48214141559372,0,0,1,0,0,2.0,0.0
0,1,4.795790545596741,42,14.730919862656235,15.132745950421556,1466.249978687127,1466.4954824342283,13.341664064126334,13.37530218772651,0,0,0,0,0,1.0,0.0
0,1,4.983606621708336,40,6.48074069840786,14.696938456699069,1130.5211187766463,1130.7187979334208,116.52038448271615,116.52420730021927,0,0,1,0,0,3.0,0.0
0,1,4.77912349311153,38,14.696938456699069,18.439088914585774,331.6247879758086,330.842863002967,62.120849961989414,62.125666630392956,0,0,1,0,0,1.0,0.0
0,1,4.890349128221754,93,39.433488306260706,39.6232255123179,1350.9074727752452,1350.654656083486,22.11334438749598,22.133585893447485,1,0,0,0,0,2.0,1.0
1,0,4.6913478822291435,78,30.983866769659336,31.160872901765767,1609.8922324180585,1609.726995487123,15.905973720586866,15.934612394443018,0,0,0,0,0,0.0,1.0
1,0,4.74493212836325,68,19.313207915827967,19.519221295943137,720.5414630678792,719.3740334485253,14.933184523068078,14.93700263798081,0,1,0,0,0,1.0,1.0
0,1,4.90527477843843,74,23.2163735324878,24.1039415863879,387.26218508912024,387.76668242643024,17.029386365926403,17.03239579271982,0,0,0,0,0,2.0,1.0
1,0,4.820281565605037,80,22.516660498395403,22.759613353482084,632.3132135263346,632.0189870565599,12.727922061357855,12.728122028134816,0,0,0,0,0,1.0,1.0
0,1,4.770684624465665,181,36.578682316343766,36.68787265568828,93.66429415737889,86.10458756651704,17.46424919657298,17.4681156292757,0,0,0,0,0,1.0,3.0
1,0,4.859812404361672,153,11.704699910719626,12.165525060596439,825.8111164182764,825.4459400832983,33.090784215548595,33.09808795152458,0,0,0,0,0,1.0,2.0
0,1,4.969813299576001,36,6.244997998398398,14.035668847618199,170.2879913558205,170.51099671282202,70.74602462329597,70.75024195445681,0,0,1,0,0,2.0,0.0
1,0,4.897839799950911,68,10.14889156509222,10.908712114635714,1211.4825628130188,1211.4425285584125,20.566963801203133,20.58470782091398,0,0,0,0,0,2.0,1.0
1,0,5.247024072160486,74,4.795831523312719,7.810249675906654,322.35384284974793,322.00465835139715,18.49324200890693,18.49906865566745,0,0,0,0,0,4.0,1.0
1,0,4.9344739331306915,75,32.29551052391029,32.90896534380867,1991.9681222348916,1991.9239443312088,18.303005217723125,18.318040718365644,0,0,0,0,0,2.0,1.0
0,1,4.852030263919617,45,7.54983443527075,13.19090595827292,530.9566837322984,530.930315578231,61.45730225123781,61.461246652223686,0,0,1,0,0,1.0,0.0
1,0,4.941642422609304,71,22.538855339169288,22.891046284519195,740.5565474695366,741.1882352007484,15.684387141358123,15.711802846694969,0,1,0,0,0,2.0,1.0
0,1,5.0106352940962555,171,32.341923257592455,32.46536616149585,974.4054597548189,974.5275778550343,16.852299546352718,16.86746069211779,0,0,0,0,0,3.0,3.0
1,0,4.976733742420574,197,32.357379374726875,33.331666624997915,2040.6570020461547,2040.664842643201,32.89376840679705,32.907380726833175,0,0,0,0,0,2.0,4.0
0,1,4.700480365792417,49,36.98648401781386,37.14835124201342,1997.4746556589898,1997.8586036053703,23.49468024894146,23.497120821604376,0,0,0,0,0,1.0,0.0
0,1,4.804021044733257,97,25.0,25.15949125081825,1444.3839517247484,1444.1779668725042,30.23243291566195,30.24114408657877,0,0,0,0,1,1.0,1.0
1,0,4.553876891600541,73,41.0731055558257,41.13392760240627,1147.9764805953125,1148.0243899848122,17.88854381999832,17.89087129158723,0,0,0,0,0,0.0,1.0
0,1,4.969813299576001,46,24.1039415863879,24.331050121192877,1128.390446609683,1128.634573278703,16.492422502470642,16.5148274393062,0,0,0,1,0,2.0,0.0
1,0,4.804021044733257,61,29.732137494637012,29.866369046136157,1709.3805895703858,1709.427974499072,9.848857801796104,9.853406479040435,0,0,0,0,0,1.0,1.0
1,0,4.499809670330265,210,8.06225774829855,8.306623862918075,894.1230340394995,893.5468650272352,11.958260743101398,11.990659426792119,0,0,0,0,0,0.0,4.0
0,1,4.897839799950911,85,39.761790704142086,39.88734135035826,1099.6935936887148,1099.8236222231271,22.64950330581225,22.67024711559283,1,0,0,0,0,2.0,1.0
0,1,4.795790545596741,45,37.12142238654117,37.1887079635741,1018.5273683117209,1018.1080492757142,13.19090595827292,13.206654947692844,0,0,0,0,0,1.0,0.0
0,1,4.919980925828125,41,19.157244060668017,20.97617696340303,891.9327328896502,891.4561122119248,47.78074926160116,47.786134608743296,0,0,1,0,0,2.0,0.0
0,1,4.919980925828125,44,24.454038521274967,24.61706725018234,1839.9288029703757,1839.7105750633712,14.491376746189438,14.494121303416614,0,0,0,0,0,2.0,0.0
0,1,4.948759890378168,36,6.557438524302,14.177446878757825,965.1626805880965,964.7289774853868,77.69169839822013,77.69566535329133,0,0,1,0,0,2.0,0.0
1,0,4.762173934797756,71,7.810249675906654,8.94427190999916,1018.116398060654,1018.0712155836644,23.40939982143925,23.419042300741083,0,1,0,0,0,1.0,1.0
1,0,4.90527477843843,115,33.090784215548595,33.27160951922825,1740.1379255679706,1740.1281561999967,13.341664064126334,13.374712918174188,0,0,0,0,0,2.0,2.0
0,1,4.812184355372417,298,15.716233645501712,16.24807680927192,516.2305686415713,516.2528450284802,27.16615541441225,27.176142102430934,0,0,0,0,0,1.0,6.0
1,0,5.0369526024136295,70,13.416407864998739,14.071247279470288,1387.4029695802153,1387.2807934949578,19.544820285692065,19.56722971883779,0,1,0,0,0,3.0,1.0
0,1,5.176149732573829,202,35.34119409414458,35.6931365951495,347.47517896966394,347.5787680512145,17.69180601295413,17.702756242831732,0,0,0,0,0,3.0,4.0
1,0,4.77912349311153,56,3.605551275463989,5.291502622129181,1585.4816302940883,1585.1211310180684,26.94438717061496,26.959356366665816,1,0,0,0,0,1.0,0.0
1,0,4.890349128221754,75,32.54228019054596,32.95451410656816,1876.955513591092,1876.6856422960134,17.175564037317667,17.185931564617647,0,0,0,0,0,2.0,1.0
0,1,4.836281906951478,45,30.066592756745816,30.610455730027933,815.621235623497,815.6022314829698,20.688160865577203,20.698993544017664,0,0,0,0,0,1.0,0.0
0,1,5.19295685089021,37,29.916550603303182,30.116440692751194,952.8378665859161,952.9842601008686,17.52141546793523,17.538074781739276,0,0,1,0,0,4.0,0.0
1,0,4.976733742420574,196,33.37663853655727,33.481338085566414,2007.9586649131998,2008.3089901705862,17.74823934929885,17.773175352910037,0,0,0,0,0,2.0,4.0
0,1,4.727387818712341,200,4.47213595499958,5.477225575051661,197.19279905716638,202.06929504504143,36.91882988394946,36.92847829071701,0,0,0,0,0,1.0,4.0
0,1,4.672828834461906,205,32.43454948045371,32.68026927673638,409.6498504820916,409.5412067179565,21.72556098240043,21.733816675416747,0,0,0,0,0,0.0,4.0
0,1,4.990432586778736,39,6.6332495807108,14.106735979665885,655.788075524403,656.4205968736812,81.51686941977103,81.51901180981193,0,0,1,0,0,3.0,0.0
0,1,5.017279836814924,51,34.438350715445125,34.438350715445125,414.6914515636897,414.53709122345134,16.822603841260722,16.84085108619333,0,0,0,1,0,3.0,0.0
0,1,4.927253685157205,43,10.295630140987,13.114877048604,948.5409848815179,948.5272795233673,46.195237849804386,46.204977227258524,0,0,1,0,0,2.0,0.0
0,1,4.948759890378168,43,34.249087579087416,34.91418050019218,299.5129379509339,299.36432653207027,23.323807579381203,23.32993382931198,0,0,0,0,0,2.0,0.0
1,0,5.262690188904886,71,33.03028912982749,33.46640106136302,285.00175438056516,285.5118211212979,14.0,14.004629500424599,0,0,0,0,0,4.0,1.0
0,1,4.762173934797756,35,37.52332607858744,37.61648574760805,2280.641137925912,2280.9975887755777,16.97056274847714,16.98439452966424,1,0,0,0,0,1.0,0.0
0,1,4.812184355372417,39,6.4031242374328485,14.730919862656235,1403.7731298183478,1404.0039173734524,82.09141246196218,82.09463193766187,0,0,1,0,0,1.0,0.0
1,0,5.075173815233827,67,3.7416573867739413,5.385164807134504,1160.7372657065853,1160.3882970799043,19.949937343260004,19.968784514138633,0,0,0,0,0,3.0,1.0
0,1,4.983606621708336,45,6.782329983125268,15.033296378372908,769.6414749738998,769.6934454703379,134.84435472054437,134.8445886288164,0,0,1,0,0,3.0,0.0
0,1,4.9344739331306915,35,6.557438524302,14.560219778561036,1184.5391508937137,1183.9831079876099,105.55567251455508,105.55568258040266,0,0,1,0,0,2.0,0.0
1,0,4.8283137373023015,120,25.079872407968907,25.199206336708304,1439.6350231916422,1439.2244439280485,9.433981132056603,9.434110293599876,1,0,0,0,0,1.0,2.0
0,1,5.003946305945459,39,35.02855977627399,35.22782990761707,1995.3698905215545,1995.3212773886817,19.209372712298546,19.2133356658029,1,0,0,0,0,3.0,0.0
0,1,4.8283137373023015,35,7.874007874011811,14.66287829861518,2789.792286174725,2789.936916849555,62.94441992742486,62.94752065959538,0,0,1,0,0,1.0,0.0
0,1,5.081404364984463,95,13.820274961085254,14.38749456993816,771.147197362475,771.1095901361881,18.841443681416774,18.848529633094163,0,0,0,0,0,3.0,1.0
1,0,4.859812404361672,66,37.16180835212409,38.1051177665153,1875.1989227812605,1875.3389027053217,84.72307831990054,84.7240935157006,0,0,0,0,0,1.0,1.0
1,0,4.59511985013459,74,40.98780306383839,41.12177038990418,1434.6260836887081,1434.6473434262512,13.674794331177344,13.686545988647781,0,0,0,0,0,0.0,1.0
0,1,4.912654885736052,40,23.280893453645632,23.811761799581316,1212.0705425015492,1212.4231934436095,22.978250586152114,22.998359232897158,0,0,0,0,0,2.0,0.0
0,1,5.043425116919247,43,15.84297951775486,16.73320053068151,569.9842103076189,570.1719039026739,19.8997487421324,19.920718804334438,0,0,0,0,0,3.0,0.0
1,0,4.9344739331306915,71,8.246211251235321,9.273618495495704,2499.3187071680154,2499.004801916155,47.25462940284264,47.259765994388125,0,0,0,0,1,2.0,1.0
1,0,4.382026634673881,81,40.2119385257662,40.3732584763727,1313.4789682366445,1313.2223726391505,17.11724276862369,17.11776061635329,0,0,0,0,0,0.0,1.0
0,1,5.030437921392435,55,27.422618401604176,27.622454633866266,1174.4947850033222,1174.2895724649861,7.937253933193772,7.989556091961237,0,0,0,1,0,3.0,0.0
0,1,4.990432586778736,42,6.48074069840786,7.54983443527075,3546.3354325274986,3546.3499545307145,25.942243542145693,25.94354087998262,1,0,0,0,0,3.0,0.0
1,0,4.875197323201151,100,17.406895185529212,17.69180601295413,1632.8928317559607,1632.539126636786,19.621416870348583,19.63086619034499,0,0,0,0,0,2.0,1.0
1,0,4.912654885736052,68,32.7414110874898,32.83291031876401,434.36735604785036,435.6787807548125,13.076696830622021,13.079892381065259,0,0,0,0,0,2.0,1.0
0,1,4.955827057601261,41,6.557438524302,14.7648230602334,1255.448525428263,1255.688655678628,81.4616474176652,81.46429952624128,0,0,1,0,0,2.0,0.0
0,1,4.882801922586371,53,18.05547008526779,18.193405398660254,542.6628787746588,542.9005433778824,10.392304845413264,10.429497708859891,0,0,0,1,0,2.0,0.0
0,1,4.997212273764115,49,9.9498743710662,11.575836902790225,87.02873088813831,89.9833317898376,23.62202362203543,23.62374924096526,0,0,0,0,0,3.0,0.0
0,1,4.875197323201151,70,18.275666882497067,18.547236990991408,873.5828523958103,873.6772859586084,26.13426869074396,26.135062058534025,0,0,0,0,0,2.0,1.0
1,0,4.941642422609304,103,21.2602916254693,30.4138126514911,2157.1330510656962,2157.1835805049136,81.83520025025906,81.84070568127581,0,0,0,0,0,2.0,1.0
0,1,4.882801922586371,44,6.48074069840786,13.892443989449804,894.4707932626978,894.540105305514,77.43384273042376,77.43950652533303,0,0,1,0,0,2.0,0.0
0,1,4.927253685157205,100,24.779023386727733,25.03996805109783,1495.5276660764252,1495.896052538411,15.524174696260024,15.543949813741877,0,0,0,0,1,2.0,1.0
0,1,4.9344739331306915,37,6.324555320336759,14.933184523068078,982.7125724239006,982.4052117125601,129.93459893346343,129.93828010123102,0,0,1,0,0,2.0,0.0
0,1,4.890349128221754,46,30.463092423455635,30.659419433511783,1404.385630800885,1404.259591386151,9.643650760992955,9.660257890169877,0,0,0,0,0,2.0,0.0
0,1,4.59511985013459,49,41.340053217188775,41.44876355212541,623.8301050766947,624.3092182564662,13.490737563232042,13.511852212569595,0,0,0,0,0,0.0,0.0
0,1,4.795790545596741,70,34.058772731852805,34.26368339802363,655.6027760770999,656.2057604136069,20.808652046684813,20.817966115679592,0,0,0,0,0,1.0,1.0
1,0,4.499809670330265,75,1.0,4.123105625617661,1244.9634532788502,1244.6208257939443,34.322004603461025,34.33189926572533,0,1,0,0,0,0.0,1.0
0,1,5.0689042022202315,104,25.019992006393608,25.238858928247925,1440.7789559817982,1441.4000138753988,31.160872901765767,31.172011426372702,0,0,0,0,1,3.0,1.0
1,0,4.948759890378168,51,18.601075237738275,19.0,906.7629238119521,907.2386676062699,18.708286933869708,18.725881100126067,0,0,0,0,0,2.0,0.0
1,0,5.087596335232384,83,19.849433241279208,20.591260281974,1145.9415342852358,1145.4029858525776,20.248456731316587,20.25728135230645,0,0,0,0,0,3.0,1.0
1,0,4.927253685157205,82,13.379088160259652,15.0,940.894255482517,940.1026539692355,26.30589287593181,26.311870252493396,0,0,0,0,0,2.0,1.0
1,0,5.003946305945459,70,15.748015748023622,16.64331697709324,960.6471776880417,960.716399360394,30.72458299147443,30.735875624100814,0,1,0,0,0,3.0,1.0
1,0,5.0238805208462765,81,25.39685019840059,25.729360660537214,311.5589831797504,310.2128301666454,18.734993995195193,18.743039401284356,0,0,0,0,0,3.0,1.0
0,1,4.867534450455582,40,6.782329983125268,13.96424004376894,1297.5207127441165,1297.1403162341383,108.51267207105353,108.51484281420643,0,0,1,0,0,2.0,0.0
0,1,4.875197323201151,40,5.0,6.855654600401044,1727.9878471794875,1727.9233200579242,21.563858652847824,21.582184438620292,0,0,0,0,0,2.0,0.0
0,1,4.90527477843843,44,6.708203932499369,14.696938456699069,1259.8114938354865,1260.20196794006,78.03204469959762,78.0372943396122,0,0,1,0,0,2.0,0.0
1,0,4.634728988229636,145,40.93897898091744,41.060930335295616,837.5613410371803,838.0829314572634,20.85665361461421,20.87583923000155,0,0,0,0,0,0.0,2.0
1,0,4.859812404361672,47,27.459060435491963,27.874719729532707,859.4637863226118,860.3417925452651,10.535653752852738,10.551134116065777,0,0,0,0,0,1.0,0.0
1,0,4.997212273764115,58,12.609520212918492,13.114877048604,1508.3437937022184,1507.8401772071204,18.520259177452136,18.544274158479723,0,0,0,0,0,3.0,0.0
0,1,4.812184355372417,43,24.71841418861655,25.0,727.9519214893247,727.7485829598021,16.09347693943108,16.112031362934196,0,0,0,0,0,1.0,0.0
0,1,4.990432586778736,38,32.218007387174026,32.48076353782343,425.752275390279,426.193617971926,8.888194417315589,8.910239602971158,0,0,0,0,0,3.0,0.0
1,0,4.736198448394496,66,9.38083151964686,10.488088481701515,572.6936353758439,572.621166217247,12.884098726725126,12.901209583457295,0,0,0,0,0,1.0,1.0
0,1,4.897839799950911,65,33.645207682521445,33.793490497431605,1098.8362025342994,1098.498520709063,16.673332000533065,16.6847250275666,0,0,0,0,0,2.0,1.0
0,1,4.836281906951478,197,28.337254630609507,28.583211855912904,367.11442357935215,368.1589330710312,13.152946437965905,13.16526877985923,0,0,0,0,0,1.0,4.0
0,1,5.056245805348308,65,1.4142135623730951,4.47213595499958,942.8711470821451,943.6069096822044,16.97056274847714,16.986957003313396,0,0,0,0,0,3.0,1.0
0,1,4.859812404361672,45,10.198039027185569,11.090536506409418,1066.585205222724,1065.857870449902,13.30413469565007,13.335966718114799,0,1,0,0,0,1.0,0.0
1,0,4.477336814478207,68,41.012193308819754,41.13392760240627,1210.1115651046393,1210.7002106219359,13.416407864998739,13.453622188640985,0,0,0,0,0,0.0,1.0
1,0,4.90527477843843,85,28.442925306655784,28.600699292150182,1097.1139412112125,1097.550454421117,13.856406460551018,13.866236676427633,0,0,0,0,0,2.0,1.0
0,1,4.812184355372417,42,5.916079783099616,6.557438524302,1508.882036476013,1508.9121909508187,14.2828568570857,14.314928706945032,1,0,0,0,0,1.0,0.0
0,1,4.969813299576001,45,30.298514815086232,33.83784863137726,900.3904708513968,900.286065648025,44.090815370097204,44.0912881664517,0,0,0,0,0,2.0,0.0
0,1,5.0369526024136295,180,32.526911934581186,32.68026927673638,415.76315373058253,415.9038350388224,17.46424919657298,17.478970332638276,0,0,0,0,0,3.0,3.0
1,0,4.804021044733257,96,26.68332812825267,26.77685567799177,899.2346745983498,898.7012851887995,7.416198487095663,7.476995208678866,1,0,0,0,0,1.0,1.0
1,0,4.7535901911063645,74,9.38083151964686,9.848857801796104,1358.891827924504,1359.0257539870242,18.439088914585774,18.461843555019577,0,1,0,0,0,1.0,1.0
0,1,5.214935757608986,37,2.6457513110645907,4.47213595499958,628.5523049038958,628.1257835816008,16.822603841260722,16.8319458398363,0,0,1,0,0,4.0,0.0
0,1,4.795790545596741,37,6.324555320336759,14.7648230602334,1383.2693157877825,1383.6936077036708,81.62107570964744,81.62413102899966,0,0,1,0,0,1.0,0.0
0,1,4.804021044733257,40,26.981475126464083,27.110883423451916,1821.870741847511,1822.175897107631,12.409673645990857,12.435070985584993,0,0,0,0,0,1.0,0.0
0,1,4.844187086458591,42,26.981475126464083,27.2213151776324,766.7555020995936,766.4972276531729,19.72308292331602,19.732012479904014,0,0,0,0,0,1.0,0.0
0,1,4.90527477843843,72,32.61901286060018,32.90896534380867,637.664488583142,637.1734457743826,23.57965224510319,23.581616501086316,0,0,0,0,0,2.0,1.0
1,0,5.003946305945459,69,32.046840717924134,32.4037034920393,974.2889715069139,974.1745223521297,20.615528128088304,20.622699238444717,0,0,0,0,0,3.0,1.0
1,0,4.875197323201151,57,11.0,11.313708498984761,894.8966420766144,894.9206668750029,14.317821063276353,14.334298271593736,0,0,0,0,0,2.0,0.0
0,1,5.327876168789581,41,2.23606797749979,3.0,188.2365533046119,185.1080765390857,11.224972160321824,11.268561258250328,0,0,1,0,0,4.0,0.0
0,1,4.844187086458591,35,8.48528137423857,14.52583904633395,2784.772342580269,2784.940035261083,67.08949247087803,67.09562658662624,0,0,1,0,0,1.0,0.0
0,1,4.919980925828125,118,34.0,34.132096331752024,930.7604417894005,930.5202845720237,15.198684153570664,15.209978063356596,0,0,0,0,0,2.0,2.0
1,0,4.844187086458591,72,6.855654600401044,7.416198487095663,1340.5808442611733,1340.7882010220706,18.083141320025124,18.10468243151012,0,1,0,0,0,1.0,1.0
0,1,4.875197323201151,43,5.0,7.0710678118654755,1693.2551491136828,1693.3375328031916,16.881943016134134,16.89712687398327,0,0,0,0,0,2.0,0.0
0,1,4.882801922586371,39,33.80828300875393,34.02939905434711,491.3216868814158,490.4151302723031,18.138357147217054,18.152721974758766,0,0,0,0,0,2.0,0.0
1,0,4.983606621708336,103,34.044089061098404,34.46737587922817,1604.3905384911743,1604.524540167585,18.193405398660254,18.209154683109478,0,0,0,0,0,3.0,1.0
1,0,4.927253685157205,67,32.0624390837628,32.2490309931942,1683.8402537057962,1684.1036191398675,13.527749258468683,13.549092617215788,0,0,0,0,0,2.0,1.0
0,1,4.962844630259907,45,28.407745422683583,28.442925306655784,438.72770598629853,438.8644437636752,10.954451150103322,10.986401009505574,0,0,0,1,0,2.0,0.0
0,1,5.003946305945459,104,24.95996794869737,25.238858928247925,1421.114703322712,1421.0123152175706,28.965496715920477,28.969507877739172,0,0,0,0,1,3.0,1.0
1,0,4.727387818712341,67,13.74772708486752,14.7648230602334,1012.7749009528228,1012.4598757481701,37.080992435478315,37.0922531131775,0,1,0,0,0,1.0,1.0
1,0,4.976733742420574,205,22.090722034374522,22.64950330581225,2249.400809104505,2249.5332849282313,19.4164878389476,19.424074726416773,0,0,0,0,0,2.0,4.0
0,1,4.890349128221754,42,36.138621999185304,36.26292872893749,3115.778072969896,3115.8095256289334,21.18962010041709,21.192057959568203,0,0,0,0,0,2.0,0.0
1,0,4.844187086458591,73,15.0,15.394804318340652,1134.1763531303234,1133.949734335698,15.329709716755891,15.347722733476608,0,1,0,0,0,1.0,1.0
1,0,4.7535901911063645,65,26.095976701399778,26.324893162176366,1404.9928825442498,1405.3743273590849,18.110770276274835,18.128838384479398,0,0,0,0,0,1.0,1.0
1,0,4.948759890378168,64,35.35533905932738,35.52463933666322,1815.0272725223717,1814.9341585853742,10.099504938362077,10.146381202137121,0,0,0,0,0,2.0,1.0
0,1,4.68213122712422,215,29.512709126747414,29.79932885150268,284.49780315496287,287.2385767963628,21.587033144922902,21.600642911716516,0,0,0,0,0,0.0,4.0
1,0,5.099866427824199,73,37.72267222772003,40.0,153.83757668398187,149.59612294441322,55.50675634551167,55.50839933295346,0,0,0,0,0,3.0,1.0
0,1,4.9344739331306915,216,11.40175425099138,12.328828005937952,388.8933015622666,391.2007157457665,41.88078318274385,41.89215211185459,0,0,0,0,0,2.0,4.0
0,1,4.787491742782046,36,6.6332495807108,14.66287829861518,1332.1508923541658,1332.8949696056325,81.95730595865142,81.96325716490324,0,0,1,0,0,1.0,0.0
0,1,5.0106352940962555,97,11.269427669584644,12.206555615733702,596.7411499134278,596.9087032369356,20.049937655763422,20.050133902014803,0,0,0,0,0,3.0,1.0
0,1,4.812184355372417,99,17.549928774784245,17.944358444926362,742.6607570082049,742.607567965746,12.609520212918492,12.610210374384462,0,0,0,0,0,1.0,1.0
0,1,5.170483995038151,150,7.14142842854285,7.937253933193772,422.8900566341091,422.3363588420964,27.51363298439521,27.52131788252747,1,0,0,0,0,3.0,2.0
0,1,4.882801922586371,43,6.4031242374328485,13.96424004376894,781.9482080035735,781.995524283867,78.44106067615353,78.44334549010816,0,0,1,0,0,2.0,0.0
1,0,5.081404364984463,99,34.161381705077446,34.49637662132068,1502.5551570574705,1502.6523217298138,19.0,19.007949524187406,0,1,0,0,0,3.0,1.0
0,1,4.77912349311153,45,15.0996688705415,16.06237840420901,1859.8032153967258,1859.9932795577515,26.795522013948524,26.80101205048012,0,0,0,0,0,1.0,0.0
1,0,4.836281906951478,72,39.91240408695021,39.98749804626441,1956.0393656570411,1956.3552847067426,19.79898987322333,19.81864655491675,1,0,0,0,0,1.0,1.0
0,1,4.795790545596741,129,31.559467676119,31.701734968294716,257.27222936026345,258.0387567788994,10.535653752852738,10.54218598171379,0,0,0,0,0,1.0,2.0
0,1,4.912654885736052,45,29.478805945967352,29.916550603303182,841.0219973341958,841.2270799255098,21.97726097583591,21.996975800661957,0,0,0,0,0,2.0,0.0
1,0,4.955827057601261,80,25.45584412271571,25.612496949731394,1593.3285913458028,1592.9030102300642,16.46207763315433,16.47025184004101,1,0,0,0,0,2.0,1.0
0,1,4.941642422609304,45,6.557438524302,14.035668847618199,1400.0939254207199,1400.2396223504034,107.34057946554975,107.34476291672577,0,0,1,0,0,2.0,0.0
0,1,4.969813299576001,37,24.0,24.331050121192877,1131.3969241605707,1130.9305902662638,17.406895185529212,17.4287966126574,0,0,0,0,0,2.0,0.0
0,1,4.770684624465665,299,16.09347693943108,17.291616465790582,253.09484388268362,255.25869231036972,43.520110293977886,43.52610007224154,0,0,0,0,0,1.0,6.0
0,1,4.867534450455582,39,18.841443681416774,19.467922333931785,1679.3909610331955,1679.282584915356,26.758176320519304,26.762556522774947,0,0,0,0,0,2.0,0.0
1,0,5.220355825078324,72,8.12403840463596,9.591663046625438,1792.4728728770208,1792.6541774698208,12.165525060596439,12.170086245850756,0,0,0,0,0,4.0,1.0
0,1,4.859812404361672,179,28.106938645110393,28.284271247461902,232.15942797999827,233.4416415295266,12.449899597988733,12.464787180956607,0,0,0,0,0,1.0,3.0
1,0,4.74493212836325,102,40.2119385257662,40.36087214122113,1447.571069067077,1447.611826423092,19.6468827043885,19.671344064839893,1,0,0,0,0,1.0,1.0
0,1,5.0106352940962555,41,11.224972160321824,12.767145334803704,737.4225383048718,738.0020325175263,14.38749456993816,14.398234305951217,0,0,1,0,0,3.0,0.0
0,1,4.882801922586371,198,2.0,3.7416573867739413,640.1132712262729,640.3397535683694,15.0996688705415,15.124337201432844,0,0,0,0,0,2.0,4.0
0,1,4.820281565605037,35,36.38681079732051,36.51027252705737,1242.5308849280166,1242.204492022147,17.291616465790582,17.319269247232917,0,0,0,0,1,1.0,0.0
1,0,4.762173934797756,47,34.292856398964496,34.539832078341085,1036.0077219789437,1035.471390237316,20.73644135332772,20.750868235516783,0,0,0,0,0,1.0,0.0
1,0,4.663439094112067,80,39.42080668885405,39.50949253027682,915.3305413892841,915.7439598490399,15.033296378372908,15.063463284277338,0,0,0,0,0,0.0,1.0
0,1,4.74493212836325,297,15.491933384829668,16.24807680927192,309.84673630683926,309.80961895977345,30.773365106858236,30.77481148240917,0,0,0,0,0,1.0,6.0
1,0,5.017279836814924,95,32.69556544854363,33.25657829663178,2128.865895259727,2129.121649882881,24.779023386727733,24.78308183881277,0,0,0,0,0,3.0,1.0
0,1,4.976733742420574,41,6.244997998398398,14.832396974191326,1394.6372288161535,1395.0258062129174,84.43340571124678,84.43416459262798,0,0,1,0,0,2.0,0.0
1,0,4.882801922586371,74,17.406895185529212,17.663521732655695,1196.0313541040637,1195.8942260919232,15.165750888103101,15.19475187106278,0,0,0,0,0,2.0,1.0
0,1,4.844187086458591,51,35.9722114972099,36.05551275463989,500.2729255116651,500.16797178547927,13.45362404707371,13.459598615021916,0,0,0,1,0,1.0,0.0
1,0,4.859812404361672,67,24.24871130596428,24.819347291981714,1364.6285208803163,1364.6519702839987,29.103264421710495,29.113030767107677,0,0,0,0,0,1.0,1.0
0,1,4.8283137373023015,47,29.631064780058107,30.0,1048.466022339303,1048.1850981577634,13.820274961085254,13.828649494286484,0,0,0,0,0,1.0,0.0
1,0,5.017279836814924,99,33.06055050963308,33.15116890850155,1046.3885511606097,1046.6040320961888,13.820274961085254,13.850887504561527,1,0,0,0,0,3.0,1.0
0,1,4.867534450455582,203,6.48074069840786,8.0,711.6326299432875,712.5615762865691,43.2087954009366,43.212809963014465,0,0,0,0,0,2.0,4.0
1,0,4.762173934797756,82,36.38681079732051,36.52396473549935,1247.0866048514833,1246.7598004427316,11.704699910719626,11.732933849366972,0,0,0,0,0,1.0,1.0
0,1,4.955827057601261,41,30.0,30.133038346638727,895.0139663714751,895.4188963831398,17.4928556845359,17.510108274587385,0,0,0,0,0,2.0,0.0
0,1,5.0238805208462765,38,33.91164991562634,35.04283093587046,1999.6944766638728,1999.4721803516047,60.70420084310476,60.71223714276809,0,0,0,0,0,3.0,0.0
0,1,4.804021044733257,38,6.48074069840786,13.490737563232042,354.4925951271761,354.5151618760473,66.2117814289874,66.21418088409374,0,0,1,0,0,1.0,0.0
0,1,4.8283137373023015,39,27.54995462791182,28.035691537752374,2181.4515809432946,2181.3619598773607,31.76476034853718,31.771481411962892,0,0,0,0,0,1.0,0.0
0,1,4.820281565605037,42,6.48074069840786,13.564659966250536,546.561981846524,547.8959755282019,63.92182725798755,63.92575287153402,0,0,1,0,0,1.0,0.0
1,0,4.882801922586371,123,25.729360660537214,25.96150997149434,1477.6971949624863,1477.8061442557344,13.228756555322953,13.258082344075444,0,0,0,0,0,2.0,2.0
0,1,5.043425116919247,39,31.25699921617557,31.448370387032774,841.0422105934992,841.5806556712197,19.595917942265423,19.613923170358994,0,0,0,0,0,3.0,0.0
0,1,5.049856007249537,35,6.48074069840786,15.0,925.3242674868092,924.9167530107777,135.5470398053753,135.55024834288213,0,0,1,0,0,3.0,0.0
0,1,4.867534450455582,44,27.982137159266443,28.071337695236398,1132.345795241012,1132.1766646597164,10.908712114635714,10.935961923725706,0,0,0,0,0,2.0,0.0
1,0,4.795790545596741,99,28.827070610799147,28.930952282978865,1246.5729019997186,1246.5195545999268,16.30950643030009,16.32128444267916,1,0,0,0,0,1.0,1.0
1,0,5.017279836814924,68,32.92415526630866,33.06055050963308,1461.969903930994,1461.9647738574279,18.05547008526779,18.08180245191912,0,0,0,0,0,3.0,1.0
0,1,4.795790545596741,44,33.28663395418648,33.436506994600975,1540.295101595795,1539.8048577660743,14.38749456993816,14.393785329843602,0,0,0,0,0,1.0,0.0
0,1,5.017279836814924,215,28.91366458960192,29.257477676655586,968.0211774542952,968.5272324514165,35.59494346111537,35.60310929600684,0,0,0,0,0,3.0,4.0
1,0,4.962844630259907,70,12.84523257866513,13.96424004376894,922.4489145746771,923.328218999073,44.98888751680797,44.994414330298525,0,1,0,0,0,2.0,1.0
1,0,4.976733742420574,145,33.421549934136806,33.63034344160047,903.9292007674053,904.2538360438401,13.228756555322953,13.264339456415737,0,0,0,0,0,2.0,2.0
1,0,4.875197323201151,73,40.27406113120453,40.50925820105819,1432.771091277319,1432.5955465517823,17.146428199482248,17.172805078948908,0,0,0,0,0,2.0,1.0
0,1,4.941642422609304,35,33.896902513356586,34.058772731852805,337.3899820682292,335.3699449861302,12.449899597988733,12.486886320669775,0,0,0,0,0,2.0,0.0
0,1,4.927253685157205,44,6.244997998398398,14.696938456699069,1301.7154066845794,1301.5636749694577,82.24354077980836,82.24839036239564,0,0,1,0,0,2.0,0.0
0,1,4.9344739331306915,35,6.557438524302,21.02379604162864,1124.2019391550612,1123.8180457707556,107.00934538627924,107.01209204045244,0,0,1,0,0,2.0,0.0
1,0,4.736198448394496,68,39.56008088970496,39.88734135035826,1182.9759084613684,1182.614899280404,15.0996688705415,15.123421099377142,0,0,0,0,0,1.0,1.0
1,0,4.804021044733257,101,36.30426972134269,36.49657518178932,470.3041569027431,471.4488307335166,16.401219466856727,16.405180363054562,0,0,0,0,0,1.0,1.0
0,1,4.955827057601261,175,34.713109915419565,34.942810419312295,985.2771183783778,986.0638924532224,45.71651780264984,45.721612580232105,0,1,0,0,0,2.0,3.0
1,0,4.976733742420574,69,13.076696830622021,14.247806848775006,991.5074381970112,992.1990727671539,28.372521918222215,28.38610285783597,0,1,0,0,0,2.0,1.0
0,1,4.820281565605037,36,6.6332495807108,14.7648230602334,1719.38157486929,1719.7331188297794,82.03657720797473,82.03927600460902,0,0,1,0,0,1.0,0.0
0,1,4.90527477843843,37,19.87460691435179,21.142374511865974,1503.0286091754874,1503.1430404322803,21.748563170931547,21.754414840445357,0,0,0,0,0,2.0,0.0
1,0,4.882801922586371,195,24.474476501040833,24.859605789312106,1916.6019409360933,1916.9274894997984,23.748684174075834,23.75490897924713,0,0,0,0,0,2.0,4.0
0,1,5.093750200806762,199,1.7320508075688772,3.3166247903554,669.345949416294,670.0619374356373,18.0,18.021339048575854,0,0,0,0,0,3.0,4.0
1,0,4.844187086458591,198,31.559467676119,31.74901573277509,2020.976249241935,2021.4269712260198,18.681541692269406,18.68277327976994,0,0,0,0,0,1.0,4.0
0,1,4.882801922586371,47,27.147743920996454,27.386127875258307,1326.8308106160332,1326.4177320889523,15.874507866387544,15.900699299404216,0,0,0,0,0,2.0,0.0
0,1,4.948759890378168,41,33.896902513356586,34.02939905434711,1616.2536929578846,1616.277203947392,14.594519519326424,14.605647510151627,0,0,0,0,0,2.0,0.0
1,0,4.976733742420574,63,11.445523142259598,11.916375287812984,985.1426292674579,985.8498871532116,11.090536506409418,11.127600435199358,0,0,0,0,0,2.0,1.0
0,1,4.859812404361672,53,35.32704346531139,35.4682957019364,838.5827329488725,838.020882794695,20.29778313018444,20.309086256346497,1,0,0,0,0,1.0,0.0
0,1,4.795790545596741,95,36.30426972134269,36.4828726939094,1512.6109876633845,1512.3875164784984,21.540659228538015,21.550839793436857,0,0,0,0,0,1.0,1.0
1,0,4.867534450455582,62,31.827660925679098,31.906112267087632,821.1863369540436,820.5010664222199,11.575836902790225,11.590917795063508,0,0,0,0,0,2.0,1.0
0,1,4.882801922586371,301,17.26267650163207,18.439088914585774,705.055316978746,705.9291749177108,71.68681887209112,71.68948858312719,0,0,0,0,0,2.0,6.0
0,1,4.997212273764115,35,9.643650760992955,13.19090595827292,968.4074555681611,968.309867759283,46.33573135281238,46.337426540725964,0,0,1,0,0,3.0,0.0
0,1,4.9344739331306915,43,6.244997998398398,13.892443989449804,1260.051586245579,1259.4145465254878,108.32820500682175,108.33228237333556,0,0,1,0,0,2.0,0.0
0,1,5.049856007249537,37,6.244997998398398,14.66287829861518,1088.6358436134647,1088.7681112156067,116.54183798104438,116.5440187930875,0,0,1,0,0,3.0,0.0
0,1,5.043425116919247,36,6.708203932499369,27.184554438136374,763.2954866891328,762.7725742316644,140.17845768876185,140.1813899894285,0,0,1,0,0,3.0,0.0
0,1,5.3612921657094255,43,29.29163703175362,29.478805945967352,460.7027241074227,459.9826083668816,16.73320053068151,16.73652887296517,0,0,1,0,0,4.0,0.0
0,1,5.0106352940962555,41,6.782329983125268,15.231546211727817,918.5483111954428,919.1577666537992,142.755034937476,142.75748550130098,0,0,1,0,0,3.0,0.0
0,1,4.9344739331306915,40,6.244997998398398,14.696938456699069,1114.491812441886,1114.919279589334,124.45882853377658,124.46042207168114,0,0,1,0,0,2.0,0.0
0,1,4.882801922586371,41,19.79898987322333,20.049937655763422,2329.6147750218274,2329.8570771616014,18.788294228055936,18.812396214938424,1,0,0,0,0,2.0,0.0
0,1,4.859812404361672,43,6.6332495807108,14.560219778561036,1565.0594237919531,1565.3315942636564,77.91020472312982,77.9144236312073,0,0,1,0,0,1.0,0.0
1,0,4.6913478822291435,76,32.58834147360065,32.863353450309965,1844.7793906047411,1844.6107990576224,13.92838827718412,13.957077356333667,0,0,0,0,0,0.0,1.0
1,0,4.820281565605037,71,6.244997998398398,7.0,1429.9213265071614,1430.0293703277566,21.72556098240043,21.726993847522895,0,1,0,0,0,1.0,1.0
0,1,4.875197323201151,93,38.8329756778952,39.0,434.59981592264853,435.1516976871399,19.209372712298546,19.220655632323076,1,0,0,0,0,2.0,1.0
0,1,4.955827057601261,39,29.206163733020468,29.376861643136763,3248.895350730768,3248.996306553764,14.422205101855956,14.434496675528965,0,0,0,0,0,2.0,0.0
1,0,5.043425116919247,75,13.076696830622021,13.45362404707371,986.6848534359895,987.0096250797152,26.343879744638983,26.361964043406196,0,1,0,0,0,3.0,1.0
0,1,4.997212273764115,38,36.40054944640259,36.55133376499413,1250.621045720885,1250.7165945968734,12.84523257866513,12.8724050783222,0,0,0,0,1,3.0,0.0
0,1,4.867534450455582,203,3.3166247903554,4.123105625617661,603.8153691319889,603.2685968952801,14.317821063276353,14.322216790414265,0,0,0,0,0,2.0,4.0
1,0,4.7535901911063645,213,39.242833740697165,39.534794801541594,911.6830589629271,911.4126398070196,12.0,12.012765188640365,0,0,0,0,0,1.0,4.0
1,0,4.770684624465665,83,33.49626844888845,33.74907406137241,1628.2991125711517,1628.3445581325839,17.944358444926362,17.948528270645856,0,0,0,0,0,1.0,1.0
1,0,5.062595033026967,102,35.58089374931439,35.70714214271425,1261.53636491383,1261.927890174395,18.33030277982336,18.338771071169763,0,0,0,0,0,3.0,1.0
1,0,4.852030263919617,77,32.31098884280702,32.83291031876401,2097.3457035024053,2097.3735957144117,21.88606862823929,21.905204923998333,0,0,0,0,0,1.0,1.0
0,1,4.875197323201151,43,6.244997998398398,14.730919862656235,1672.7315983145652,1672.580640806296,78.14089838234521,78.14674329484616,0,0,1,0,0,2.0,0.0
0,1,5.030437921392435,203,29.103264421710495,29.49576240750525,266.83140744672465,268.17904466978774,24.351591323771842,24.360324094717043,0,0,0,0,0,3.0,4.0
1,0,4.77912349311153,65,8.888194417315589,9.433981132056603,1418.755088096603,1419.1148649774618,16.0312195418814,16.05419453571492,0,1,0,0,0,1.0,1.0
1,0,4.718498871295094,99,40.07492981902776,40.23679907746142,1056.6640904279845,1056.7322271985463,12.165525060596439,12.167048523016117,0,0,0,0,0,1.0,1.0
0,1,4.882801922586371,73,12.767145334803704,13.228756555322953,711.3072472567674,711.7155330607868,21.540659228538015,21.55094112078444,1,0,0,0,0,2.0,1.0
1,0,4.962844630259907,75,33.12099032335839,33.406586176980134,2100.714878321187,2100.8545880188854,22.427661492005804,22.44333580642154,0,0,0,0,0,2.0,1.0
0,1,4.941642422609304,37,32.64965543462902,32.89376840679705,3109.8389025800034,3109.962861514587,22.045407685048602,22.049199672442242,0,0,0,0,0,2.0,0.0
1,0,5.003946305945459,68,19.974984355438178,20.42057785666214,778.014781350586,777.7724602992831,27.27636339397171,27.2801026733332,0,1,0,0,0,3.0,1.0
0,1,5.081404364984463,55,20.074859899884732,20.223748416156685,1166.5470414861118,1166.8183234762814,9.1104335791443,9.14656736204766,0,0,0,1,0,3.0,0.0
0,1,4.941642422609304,95,24.879710609249457,25.0,1485.159250720272,1485.5049646500681,12.767145334803704,12.797133482805602,0,0,0,0,1,2.0,1.0
0,1,4.9344739331306915,116,23.643180835073778,23.769728648009426,1071.1363125204934,1071.140513658222,15.329709716755891,15.334868861399748,0,0,0,0,0,2.0,2.0
0,1,4.983606621708336,49,34.828149534535996,34.942810419312295,1162.587631105716,1162.8641365181059,6.4031242374328485,6.4044404484964685,0,0,0,1,0,3.0,0.0
1,0,4.890349128221754,73,8.246211251235321,9.16515138991168,1166.023584667137,1166.4450265657615,23.366642891095847,23.380047825647374,0,1,0,0,0,2.0,1.0
0,1,5.198497031265826,97,35.24202037341219,35.4400902933387,357.81140283674586,357.00560219694034,17.146428199482248,17.164794740439643,0,0,0,0,0,4.0,1.0
1,0,5.0238805208462765,65,23.108440016582687,23.366642891095847,869.7223694950015,870.4786039874846,18.027756377319946,18.049724925102964,0,0,0,0,0,3.0,1.0
0,1,4.844187086458591,65,24.879710609249457,25.059928172283335,1061.8003578827802,1061.060318737818,11.224972160321824,11.225081042971173,0,0,0,0,0,1.0,1.0
0,1,4.605170185988092,225,14.491376746189438,15.231546211727817,365.47229717175554,366.30724808553816,34.0,34.00919286204558,0,0,0,0,0,0.0,4.0
0,1,4.836281906951478,36,4.47213595499958,5.196152422706632,1560.1708239805025,1559.697406550386,20.0,20.003596402961126,0,0,0,0,0,1.0,0.0
1,0,4.77912349311153,70,8.660254037844387,9.797958971132712,1547.4504838604691,1547.283425879047,26.664583251946766,26.66738497816269,0,0,0,0,0,1.0,1.0
0,1,4.948759890378168,43,6.48074069840786,14.866068747318506,1379.2954723336113,1379.660465476923,84.65813605318746,84.66012349114257,0,0,1,0,0,2.0,0.0
0,1,5.087596335232384,42,6.782329983125268,15.066519173319364,994.7170451942602,995.240674409964,127.10625476348518,127.10668433611292,0,0,1,0,0,3.0,0.0
0,1,4.955827057601261,45,6.324555320336759,13.152946437965905,1617.494667688274,1617.611510839361,91.63514609580758,91.63598382327766,0,0,1,0,0,2.0,0.0
1,0,4.875197323201151,79,32.29551052391029,32.49615361854384,1583.1118090646662,1583.1377072131154,16.30950643030009,16.331657063361767,0,0,0,0,0,2.0,1.0
1,0,4.990432586778736,150,17.578395831246947,17.804493814764857,915.1196643062589,914.8207474691421,15.491933384829668,15.500418429648363,0,0,0,0,0,3.0,2.0
1,0,4.51085950651685,66,40.98780306383839,41.10960958218893,1444.480183318553,1444.470145070503,19.339079605813716,19.356441453915586,0,0,0,0,0,0.0,1.0
1,0,4.969813299576001,71,8.06225774829855,10.44030650891055,946.9060143435566,947.4550121245863,55.06359959174482,55.0662707979463,0,1,0,0,0,2.0,1.0
0,1,4.990432586778736,35,28.24889378365107,28.495613697550013,475.3198922830813,474.2910498839294,20.639767440550294,20.65553831406891,0,0,0,0,0,3.0,0.0
0,1,5.017279836814924,39,6.557438524302,13.96424004376894,1279.3826636311749,1279.0617655140818,115.0782342582645,115.07909575234807,0,0,1,0,0,3.0,0.0
1,0,4.9344739331306915,58,19.4164878389476,19.621416870348583,1063.5530076117504,1063.7095468218756,8.831760866327848,8.840481935174815,0,0,0,0,0,2.0,0.0
0,1,5.081404364984463,104,33.66006535941367,34.11744421846396,536.2844394535422,536.5882965551895,14.696938456699069,14.698248579920087,0,0,0,0,0,3.0,1.0
0,1,5.049856007249537,43,6.4031242374328485,13.96424004376894,1345.850288850881,1345.54115507479,108.96788517723927,108.97216415836638,0,0,1,0,0,3.0,0.0
0,1,4.955827057601261,54,24.61706725018234,24.657656011875904,1150.1095599985247,1149.9247801486842,15.132745950421556,15.146955930112993,0,0,0,1,0,2.0,0.0
0,1,4.919980925828125,44,38.8329756778952,39.06404996924922,2091.1200348138796,2091.0215206926973,22.538855339169288,22.54561154248079,0,0,0,0,0,2.0,0.0
1,0,4.736198448394496,72,27.622454633866266,27.820855486487112,1071.4410856412032,1071.4868174644055,15.7797338380595,15.788442243964806,0,0,0,0,0,1.0,1.0
0,1,4.762173934797756,195,9.433981132056603,10.392304845413264,680.6577701018332,679.9514688564177,14.0,14.022620338628334,0,0,0,0,0,1.0,4.0
0,1,5.147494476813453,43,4.47213595499958,13.114877048604,2048.860903038564,2053.1821643487942,390.80301943562307,390.8036795486154,0,0,1,0,0,3.0,0.0
0,1,4.919980925828125,51,27.129319932501073,27.16615541441225,1034.3244171922076,1034.3427865074518,17.74823934929885,17.755631145104985,0,0,0,1,0,2.0,0.0
0,1,4.804021044733257,40,28.42534080710379,28.5657137141714,402.5369548252682,402.8175765777854,11.916375287812984,11.918280376693154,1,0,0,0,0,1.0,0.0
0,1,4.948759890378168,40,6.4031242374328485,14.66287829861518,1501.6104687967515,1501.64043632289,79.05694150420949,79.06208709745707,0,0,1,0,0,2.0,0.0
1,0,4.90527477843843,58,27.349588662354687,27.60434748368452,1094.969405965299,1095.639995618999,11.74734012447073,11.771793748553561,0,0,0,0,0,2.0,0.0
0,1,5.3981627015177525,38,16.09347693943108,16.492422502470642,354.4460466700115,352.34074416677953,15.716233645501712,15.743838126702073,0,0,1,0,0,4.0,0.0
1,0,5.017279836814924,104,32.264531609803356,32.57299494980466,1129.7092546314736,1130.0792007642651,19.8997487421324,19.90336196523889,0,0,0,0,0,3.0,1.0
0,1,4.574710978503383,71,35.66510900025401,35.94440151122286,582.9408203239846,583.7944843864149,16.0,16.025532258548406,0,0,0,0,0,0.0,1.0
1,0,4.804021044733257,77,35.94440151122286,36.138621999185304,1064.0704863870626,1064.2086261631223,17.029386365926403,17.038409167872583,0,0,0,0,0,1.0,1.0
1,0,4.804021044733257,201,11.61895003862225,12.36931687685298,1943.8505600997212,1943.7152569242235,16.64331697709324,16.66528523761029,0,0,0,0,0,1.0,4.0
1,0,4.983606621708336,104,30.380915061926625,30.59411708155671,1782.8805344161453,1783.1194575798897,19.390719429665317,19.407757986522174,0,0,0,0,0,3.0,1.0
0,1,4.962844630259907,41,6.6332495807108,14.035668847618199,1559.3662174101373,1559.6643869756083,94.90521587352299,94.90919972636414,0,0,1,0,0,2.0,0.0
0,1,4.7535901911063645,35,4.898979485566356,5.744562646538029,1322.274177317246,1322.4394126008192,20.71231517720798,20.714005632160795,0,0,0,0,0,1.0,0.0
0,1,5.0689042022202315,40,2.0,15.0,696.9002798105336,697.1570841639638,150.31965939290842,150.32039408209678,0,0,1,0,0,3.0,0.0
0,1,4.852030263919617,42,6.6332495807108,14.035668847618199,774.6921969401783,775.942652520146,77.92303895511263,77.92489211652632,0,0,1,0,0,1.0,0.0
1,0,4.941642422609304,78,34.307433596816885,34.583232931581165,1766.6103135666337,1766.2165778861888,14.071247279470288,14.080775693760142,0,0,0,0,0,2.0,1.0
0,1,4.882801922586371,102,25.0,25.25866188063018,1419.4523591864574,1419.3118050661033,26.94438717061496,26.948931918786837,0,0,0,0,1,2.0,1.0
1,0,4.9344739331306915,81,27.676705006196094,27.92848008753788,823.1403282551523,822.6293211404515,20.37154878746336,20.375067245299423,0,0,0,0,0,2.0,1.0
1,0,4.189654742026425,65,1.0,4.0,1650.7534643307583,1650.5720220578078,13.856406460551018,13.887610290544318,0,1,0,0,0,0.0,1.0
0,1,5.308267697401205,36,34.87119154832539,34.9857113690718,446.9272871508295,445.7420778880989,19.261360284258224,19.27130648428538,0,0,1,0,0,4.0,0.0
1,0,5.049856007249537,89,29.274562336608895,29.359836511806396,120.7435298473587,124.63546846704592,14.594519519326424,14.611757271641554,0,0,0,0,0,3.0,1.0
0,1,5.220355825078324,44,29.29163703175362,29.478805945967352,720.9029060837527,720.1687302292429,8.0,8.02903465997292,0,0,1,0,0,4.0,0.0
1,0,3.7612001156935624,68,22.0,23.643180835073778,1210.4759394552211,1211.0251855349666,39.20459156782532,39.21590426022772,0,0,0,0,0,0.0,1.0
0,1,4.990432586778736,170,34.87119154832539,35.07135583350036,916.4087515950511,917.174465409935,42.638011210655684,42.64369809039792,0,1,0,0,0,3.0,3.0
1,0,4.969813299576001,76,19.79898987322333,20.09975124224178,2018.0849833443585,2018.2608850195754,9.9498743710662,9.985468376566162,0,0,0,0,0,2.0,1.0
0,1,4.820281565605037,44,36.51027252705737,36.53765181289022,1331.0379408566835,1331.6294529635486,11.489125293076057,11.52548477595199,0,0,0,0,1,1.0,0.0
0,1,4.844187086458591,104,25.0,25.219040425836983,1412.948689797333,1413.1843474932773,36.180105030251084,36.18346865328704,0,0,0,0,1,1.0,1.0
1,0,4.812184355372417,82,25.612496949731394,25.826343140289914,580.5807437385432,580.1077486122729,13.527749258468683,13.540125377336414,0,0,0,0,0,1.0,1.0
0,1,5.043425116919247,35,18.57417562100671,19.026297590440446,532.6527949799945,531.9718037640716,16.55294535724685,16.558439025761,0,0,0,0,0,3.0,0.0
0,1,4.859812404361672,43,21.563858652847824,23.600847442411894,1469.9132627471595,1470.3730819081259,18.973665961010276,18.982679620127033,0,0,0,0,0,1.0,0.0
0,1,4.927253685157205,46,18.05547008526779,18.384776310850235,606.6259143821668,606.5212279879411,16.852299546352718,16.87107921416,0,0,0,1,0,2.0,0.0
0,1,4.919980925828125,43,4.242640687119285,5.0990195135927845,1059.14352190815,1059.3483846214144,13.490737563232042,13.517922960496968,0,0,0,0,0,2.0,0.0
0,1,5.389071729816501,43,28.21347195933177,28.407745422683583,311.9663443386161,309.44304807185443,16.673332000533065,16.67537146682823,0,0,0,0,0,4.0,0.0
0,1,4.90527477843843,45,7.3484692283495345,13.228756555322953,565.9752644771678,566.5509685809388,62.928530890209096,62.93514349185385,0,0,1,0,0,2.0,0.0
1,0,4.941642422609304,63,32.41913015489465,32.72613634390714,1117.8926603211955,1118.6706396433224,17.88854381999832,17.91456548083993,0,0,0,0,0,2.0,1.0
0,1,4.955827057601261,46,17.663521732655695,17.97220075561143,1207.4452368534153,1207.7971684020458,11.874342087037917,11.889122944455622,0,0,0,1,0,2.0,0.0
1,0,4.962844630259907,84,32.28002478313795,32.48076353782343,1481.7985693069081,1481.9902158921293,14.422205101855956,14.452788741476075,0,0,0,0,0,2.0,1.0
1,0,4.948759890378168,99,32.78719262151,32.848135411313685,929.2959700762723,928.9418711630992,17.4928556845359,17.507860336773295,0,0,0,0,0,2.0,1.0
0,1,4.962844630259907,55,33.83784863137726,33.98529093593286,1040.4734499255615,1041.1930656703396,17.916472867168917,17.924825028312497,0,0,0,1,0,2.0,0.0
0,1,4.997212273764115,39,6.782329983125268,14.628738838327793,1079.3159870955308,1078.9012929828195,122.98780427343192,122.98923175716855,0,0,1,0,0,3.0,0.0
0,1,4.844187086458591,53,29.257477676655586,29.274562336608895,367.4901359220408,366.4819231558359,16.61324772583615,16.64188752533454,0,0,0,1,0,1.0,0.0
1,0,4.983606621708336,100,36.22154055254967,36.46916505762094,986.0375246409236,985.7499682982495,21.400934559032695,21.415622585528695,0,0,0,0,0,3.0,1.0
1,0,4.795790545596741,58,2.449489742783178,4.358898943540674,1621.871758185585,1621.7213077468027,19.595917942265423,19.60366841034785,0,0,0,0,0,1.0,0.0
0,1,4.927253685157205,119,35.05709628591621,35.32704346531139,364.09064805347583,366.360478217834,26.77685567799177,26.79219833929164,0,0,0,0,0,2.0,2.0
0,1,4.6913478822291435,49,36.98648401781386,37.094473981982816,2043.4676410454852,2043.3058997614626,16.1245154965971,16.14615640751166,0,0,0,0,0,0.0,0.0
0,1,4.787491742782046,195,7.615773105863909,9.643650760992955,414.8541912527822,415.0951698104906,52.773099207835045,52.778192250394184,0,0,0,0,0,1.0,4.0
1,0,4.882801922586371,84,20.0,20.12461179749811,2174.1269512151307,2173.994250222387,15.7797338380595,15.8017348559489,0,0,0,0,0,2.0,1.0
0,1,5.123963979403259,95,16.3707055437449,16.76305461424021,427.3242328724174,427.96378351444645,21.236760581595302,21.243721506432568,0,0,0,0,0,3.0,1.0
0,1,4.875197323201151,117,36.40054944640259,36.59234892706397,312.7363106516415,311.3085286335728,25.92296279363144,25.929868680938768,0,0,0,0,1,2.0,2.0
0,1,4.990432586778736,176,34.91418050019218,34.97141690009142,859.1338661698769,859.0762480711477,19.390719429665317,19.390880328996257,0,1,0,0,0,3.0,3.0
0,1,4.990432586778736,145,21.236760581595302,21.61018278497431,606.8179298603494,607.3186972257647,30.04995840263344,30.059888667420086,1,0,0,0,0,3.0,2.0
0,1,4.875197323201151,37,6.6332495807108,13.2664991614216,605.0413209029612,606.5072134773008,64.03905058634146,64.04416886675962,0,0,1,0,0,2.0,0.0
1,0,5.003946305945459,54,20.784609690826528,21.071307505705477,1260.1670524180515,1260.0341265219763,19.570385790780925,19.589026383582844,0,0,0,0,0,3.0,0.0
0,1,4.976733742420574,86,39.97499218261337,40.162171256046406,1313.063974069809,1313.1012908378393,32.202484376209235,32.21604133110891,1,0,0,0,0,2.0,1.0
0,1,5.017279836814924,44,35.4400902933387,35.52463933666322,812.3373683390417,811.9944581091671,15.748015748023622,15.769647107135157,0,0,0,0,0,3.0,0.0
0,1,4.969813299576001,153,9.746794344808963,10.295630140987,866.311145028159,866.9146440105854,23.515952032609693,23.52862266965012,1,0,0,0,0,2.0,2.0
0,1,5.303304908059076,100,12.68857754044952,13.2664991614216,86.24384035976135,87.49285685128815,15.297058540778355,15.320198358280795,0,0,0,0,0,4.0,1.0
0,1,5.056245805348308,40,6.557438524302,15.132745950421556,1170.7706863429746,1170.4452144376514,107.93053321465618,107.93218708900586,0,0,1,0,0,3.0,0.0
1,0,4.912654885736052,69,33.49626844888845,33.734255586866,713.0715251642011,711.8876315824008,12.806248474865697,12.841323823584316,0,0,0,0,0,2.0,1.0
1,0,4.836281906951478,80,33.51119216023208,33.704599092705436,559.3299562869845,559.3415772137809,13.152946437965905,13.158070947189454,0,0,0,0,0,1.0,1.0
1,0,4.919980925828125,78,30.56141357987225,30.72458299147443,1117.7267107839912,1117.3338802703515,12.165525060596439,12.173918686881837,0,0,0,0,0,2.0,1.0
1,0,4.859812404361672,79,18.65475810617763,18.894443627691185,1509.1931619246093,1509.2378871470196,16.401219466856727,16.413933094322786,0,0,0,0,0,1.0,1.0
1,0,4.90527477843843,117,34.48187929913333,34.583232931581165,488.515097003153,489.49668027474917,12.206555615733702,12.237553512044588,1,0,0,0,0,2.0,2.0
0,1,5.030437921392435,205,4.47213595499958,5.291502622129181,205.03658210182886,205.92717159228891,23.08679276123039,23.098306851687003,1,0,0,0,0,3.0,4.0
0,1,4.962844630259907,39,28.809720581775867,29.0,1565.345009893985,1565.8627015163238,17.916472867168917,17.927338485011823,0,0,0,0,0,2.0,0.0
0,1,4.836281906951478,37,6.782329983125268,14.560219778561036,1275.2376249154509,1275.6841301827033,76.2102355330306,76.21433389376347,0,0,1,0,0,1.0,0.0
0,1,4.941642422609304,42,6.6332495807108,14.0,1403.5693784063544,1403.5298358068487,104.97142468310126,104.97592991577034,0,0,1,0,0,2.0,0.0
0,1,4.820281565605037,36,7.681145747868608,8.12403840463596,1993.0085298362374,1992.7684260846768,28.89636655359978,28.910543937176076,0,0,0,0,0,1.0,0.0
0,1,4.795790545596741,97,24.979991993593593,25.099800796022265,1453.6151485176536,1453.6918518035382,34.655446902326915,34.66713657106027,0,0,0,0,1,1.0,1.0
0,1,4.867534450455582,174,36.09709129556009,36.29049462324811,405.73636760832767,405.458999160211,20.73644135332772,20.757161924003945,0,0,0,0,0,2.0,3.0
1,0,4.969813299576001,148,30.0,30.347981810987037,832.9549807762722,833.2592633748515,8.06225774829855,8.097799315771654,0,0,0,0,0,2.0,2.0
0,1,4.882801922586371,45,12.767145334803704,13.114877048604,522.8479702552168,522.154191786296,26.92582403567252,26.937411883352116,1,0,0,0,0,2.0,0.0
0,1,4.859812404361672,43,33.61547262794322,33.823069050575526,3391.2863341216116,3391.012533152893,20.09975124224178,20.122301414694576,0,0,0,0,0,1.0,0.0
0,1,4.912654885736052,39,6.782329983125268,13.820274961085254,1341.3634854132567,1341.584138248511,107.80538019969133,107.80983816271412,0,0,1,0,0,2.0,0.0
0,1,4.795790545596741,254,40.27406113120453,40.38564101261734,428.8764390824005,428.8053171312128,19.0,19.012838923636554,1,0,0,0,0,1.0,5.0
1,0,4.382026634673881,67,6.4031242374328485,8.12403840463596,1071.2581388255587,1071.8269449869229,22.11334438749598,22.129540643323473,0,1,0,0,0,0.0,1.0
1,0,4.962844630259907,99,33.83784863137726,33.97057550292606,770.9513603334519,771.5827888178948,22.80350850198276,22.809636840040415,0,0,0,0,0,2.0,1.0
0,1,4.941642422609304,35,17.832554500127006,18.384776310850235,855.6459548200996,855.6716660027957,17.11724276862369,17.12530067012456,0,0,0,0,0,2.0,0.0
0,1,4.962844630259907,37,14.89966442575134,15.684387141358123,799.2014764751126,799.1695689902112,12.569805089976535,12.601683482331762,0,0,0,0,0,2.0,0.0
1,0,5.030437921392435,70,21.307275752662516,21.93171219946131,826.1216617423853,826.2989773683615,22.693611435820433,22.703391592853247,0,0,0,0,0,3.0,1.0
0,1,5.0369526024136295,39,31.0322412983658,31.22498999199199,2043.9425138687243,2044.2103609951691,19.0,19.023162271834682,1,0,0,0,0,3.0,0.0
0,1,5.0689042022202315,39,6.244997998398398,13.856406460551018,1216.3120487769575,1216.734564315488,116.42594212631478,116.42740595827173,0,0,1,0,0,3.0,0.0
0,1,4.962844630259907,40,6.244997998398398,14.142135623730951,1448.686301446935,1448.3573454089292,104.97618777608568,104.98022773025842,0,0,1,0,0,2.0,0.0
1,0,4.7535901911063645,68,9.273618495495704,10.04987562112089,1396.6402543246418,1396.6116138712293,27.459060435491963,27.46406992270703,0,1,0,0,0,1.0,1.0
0,1,4.983606621708336,40,21.02379604162864,21.37755832643195,792.3692321134131,792.1887401370964,25.15949125081825,25.17035039526924,0,0,0,0,0,3.0,0.0
0,1,4.969813299576001,42,6.324555320336759,14.628738838327793,1491.1421796730183,1490.8400316600034,79.49842765740716,79.49980050764458,0,0,1,0,0,2.0,0.0
1,0,4.7535901911063645,65,19.026297590440446,19.339079605813716,1217.9109162824677,1218.1703493354285,20.396078054371138,20.4034310240743,0,1,0,0,0,1.0,1.0
0,1,4.890349128221754,39,6.244997998398398,14.832396974191326,1222.81969235043,1223.210938473001,86.21484790916237,86.21968647383257,0,0,1,0,0,2.0,0.0
0,1,4.844187086458591,42,6.244997998398398,14.696938456699069,1733.160408040756,1732.920656002461,81.76796438703852,81.76846081103666,0,0,1,0,0,1.0,0.0
1,0,4.962844630259907,66,14.142135623730951,14.832396974191326,1101.1553023983492,1101.0867359113904,28.460498941515414,28.469587651419214,0,1,0,0,0,2.0,1.0
1,0,4.941642422609304,82,32.72613634390714,33.090784215548595,1638.845020128505,1638.5756009412567,16.431676725154983,16.448353446957753,0,0,0,0,0,2.0,1.0
1,0,4.8283137373023015,70,12.083045973594572,12.489995996796797,1312.6016151140452,1312.8948929750622,18.384776310850235,18.40723626360442,0,1,0,0,0,1.0,1.0
0,1,5.225746673713202,100,33.331666624997915,33.67491648096547,468.0705075092854,467.98290567070933,14.594519519326424,14.613966566068946,0,0,0,0,0,4.0,1.0
0,1,4.8283137373023015,71,19.44222209522358,19.621416870348583,1633.9938800374987,1634.383981810884,16.0312195418814,16.050733510165983,1,0,0,0,0,1.0,1.0
0,1,5.049856007249537,41,6.6332495807108,15.297058540778355,911.2738337075195,911.9446255118784,138.25700705570043,138.25742442475234,0,0,1,0,0,3.0,0.0
0,1,4.795790545596741,38,6.708203932499369,15.0,1374.2499772603237,1374.3776773507345,82.03048213926333,82.03282531177442,0,0,1,0,0,1.0,0.0
0,1,5.056245805348308,41,6.557438524302,13.784048752090222,1375.7525213496795,1375.3156001441996,112.58330249197702,112.58663652094548,0,0,1,0,0,3.0,0.0
1,0,4.882801922586371,67,4.47213595499958,6.48074069840786,1406.8194624755515,1406.6157968684981,20.445048300260872,20.44710015681971,0,1,0,0,0,2.0,1.0
0,1,4.976733742420574,35,21.42428528562855,21.77154105707724,2041.2603949520992,2041.0928445320658,18.841443681416774,18.842870318695905,0,0,0,0,0,2.0,0.0
0,1,4.836281906951478,74,39.87480407475377,40.0374824383352,1746.6988864712773,1746.8909525210781,12.609520212918492,12.638425462984026,0,0,0,0,0,1.0,1.0
0,1,5.0238805208462765,43,6.48074069840786,14.933184523068078,744.5146069755784,743.4924343932493,129.7073629367277,129.71026770129944,0,0,1,0,0,3.0,0.0
1,0,4.532599493153256,78,1.7320508075688772,3.7416573867739413,929.802667236441,929.8946176852514,29.46183972531247,29.468136267595398,0,0,0,0,0,0.0,1.0
1,0,4.859812404361672,84,33.37663853655727,33.66006535941367,899.2880517387074,898.8943208186378,60.15812497078013,60.165665444711266,0,0,0,0,0,1.0,1.0
1,0,4.844187086458591,72,12.041594578792296,12.806248474865697,968.2112372824434,967.5918561046284,36.51027252705737,36.52345606729307,0,1,0,0,0,1.0,1.0
0,1,5.017279836814924,37,6.6332495807108,21.447610589527216,821.2734014930716,820.9403145174441,129.73819792181484,129.73831720490173,0,0,1,0,0,3.0,0.0
1,0,4.672828834461906,68,39.824615503479755,39.949968710876355,1269.7480064957772,1270.1810894514215,17.0,17.028883777190153,0,0,0,0,0,0.0,1.0
1,0,4.955827057601261,153,34.10278580995987,34.249087579087416,548.9462633081675,548.5262072134749,16.09347693943108,16.09351325255293,0,0,0,0,0,2.0,2.0
1,0,5.093750200806762,69,5.385164807134504,6.48074069840786,1591.9912060058623,1592.4195427085162,17.4928556845359,17.51848718616952,0,1,0,0,0,3.0,1.0
0,1,5.049856007249537,51,29.257477676655586,29.376861643136763,488.50179119425957,487.17963832656227,6.557438524302,6.63116100901288,0,0,0,1,0,3.0,0.0
0,1,4.927253685157205,37,35.52463933666322,36.09709129556009,1982.0645801789608,1982.0335516837247,48.98979485566356,48.99902971161381,0,0,0,0,0,2.0,0.0
0,1,4.976733742420574,39,9.695359714832659,13.114877048604,1552.8918185115149,1552.7704273330298,46.184412955021955,46.18939603726237,0,0,1,0,0,2.0,0.0
0,1,4.919980925828125,41,6.48074069840786,14.0,761.5188769820483,761.0880369576176,78.35815209663893,78.36391980493546,0,0,1,0,0,2.0,0.0
0,1,4.8283137373023015,43,6.6332495807108,14.628738838327793,1227.0876089342603,1226.9975550097888,80.79603950689662,80.79910501429755,0,0,1,0,0,1.0,0.0
1,0,4.77912349311153,301,32.0,32.18695387886216,634.9425170832396,636.1564273038512,7.483314773547883,7.512726389146474,0,0,0,0,0,1.0,6.0
0,1,4.9344739331306915,47,29.732137494637012,30.28200785945344,862.9403223862007,863.4483192409375,19.05255888325765,19.063455180709454,0,0,0,0,0,2.0,0.0
1,0,4.836281906951478,103,24.698178070456937,24.758836806279895,459.45837678727764,458.9825704751761,9.797958971132712,9.818250534625086,0,0,0,0,0,1.0,1.0
0,1,4.882801922586371,35,7.14142842854285,13.490737563232042,588.0331623301529,588.6510001690306,60.8276253029822,60.834752701257436,0,0,1,0,0,2.0,0.0
0,1,4.875197323201151,36,2.23606797749979,4.242640687119285,1141.1516113120115,1141.329926007375,18.0,18.017892020974116,0,0,0,0,0,2.0,0.0
0,1,4.90527477843843,70,32.55764119219941,32.68026927673638,606.515457346307,606.5822285560301,15.165750888103101,15.186346198286595,1,0,0,0,0,2.0,1.0
0,1,5.44673737166631,35,29.206163733020468,29.58039891549808,366.4055130589604,368.50373132439245,30.0,30.001948942475977,0,0,1,0,0,4.0,0.0
0,1,5.062595033026967,42,6.48074069840786,14.933184523068078,1108.535069359558,1107.975631500982,106.63957989414625,106.64190486105545,0,0,1,0,0,3.0,0.0
0,1,4.941642422609304,47,34.68429039204925,34.84250278036869,1139.2695027955413,1139.5051557584109,15.329709716755891,15.339109655060362,0,0,0,1,0,2.0,0.0
0,1,5.0369526024136295,42,34.55430508634199,34.9857113690718,416.29076376974785,415.92667623031826,16.3707055437449,16.376605503758984,0,0,0,0,0,3.0,0.0
0,1,4.962844630259907,38,6.4031242374328485,14.035668847618199,1357.1296916654649,1357.5352665768944,106.69114302508902,106.69538508527248,0,0,1,0,0,2.0,0.0
0,1,5.003946305945459,41,11.575836902790225,12.409673645990857,444.6178134083249,444.71114220356566,19.261360284258224,19.2831723038227,0,0,0,0,0,3.0,0.0
0,1,5.062595033026967,149,18.16590212458495,18.65475810617763,654.642650611767,655.4525154425758,21.071307505705477,21.073641748144883,1,0,0,0,0,3.0,2.0
1,0,5.0238805208462765,73,37.86819245752297,38.34057902536163,2418.9148393442874,2419.1698989529445,20.760539492026695,20.7658968618446,0,0,0,0,1,3.0,1.0
0,1,5.0369526024136295,42,19.026297590440446,19.544820285692065,1044.2255503481995,1044.281092426747,19.697715603592208,19.697819583189382,0,0,0,0,0,3.0,0.0
0,1,5.0238805208462765,98,28.792360097775937,28.965496715920477,800.7658833891464,800.4811053360348,18.138357147217054,18.159271296730026,0,0,0,0,0,3.0,1.0
1,0,4.976733742420574,83,14.106735979665885,16.217274740226856,2111.8373516916495,2111.536170658698,24.1039415863879,24.115420977644657,0,0,0,0,0,2.0,1.0
0,1,4.890349128221754,43,6.782329983125268,14.7648230602334,1444.7093133222336,1444.9121080536352,81.3142054010245,81.31521420607473,0,0,1,0,0,2.0,0.0
0,1,4.787491742782046,37,6.324555320336759,14.696938456699069,1251.6441187494152,1251.6716821914604,79.08223567907018,79.08588617704844,0,0,1,0,0,1.0,0.0
1,0,4.820281565605037,76,21.236760581595302,21.61018278497431,1596.9041924924613,1597.5077464600915,53.62835071116769,53.63582994269914,1,0,0,0,0,1.0,1.0
0,1,5.0238805208462765,44,29.410882339705484,29.748949561287034,249.85996077803262,249.37922928744487,26.645825188948457,26.66063699421518,0,0,0,0,0,3.0,0.0
0,1,4.897839799950911,44,31.368774282716245,31.559467676119,684.1768777151125,684.6137597214944,11.74734012447073,11.767586446193343,0,0,0,0,0,2.0,0.0
0,1,4.927253685157205,36,16.881943016134134,18.411952639521967,1515.0303627320477,1515.3134989169732,14.142135623730951,14.166902014222458,0,0,0,0,0,2.0,0.0
0,1,4.976733742420574,36,27.147743920996454,27.422618401604176,1995.2147754063972,1995.2756701769308,20.73644135332772,20.755755462037204,0,0,0,0,0,2.0,0.0
0,1,4.700480365792417,295,15.491933384829668,15.905973720586866,330.96978714076005,331.7921035829515,18.601075237738275,18.620115458441788,0,0,0,0,0,1.0,6.0
0,1,4.983606621708336,97,12.649110640673518,13.96424004376894,642.3215705548117,642.4344324520597,16.55294535724685,16.562830024562345,0,0,0,0,0,3.0,1.0
1,0,4.804021044733257,78,13.2664991614216,14.38749456993816,1004.0034860497249,1004.3331120698948,22.693611435820433,22.69867827852183,0,0,0,0,0,1.0,1.0
0,1,4.919980925828125,36,6.244997998398398,14.491376746189438,1198.2553984856484,1197.6906946286258,83.3966426182733,83.39809779509767,0,0,1,0,0,2.0,0.0
0,1,4.897839799950911,37,27.073972741361768,27.294688127912362,2005.6722065183035,2005.409434504585,18.083141320025124,18.08874391973645,0,0,0,0,0,2.0,0.0
0,1,5.117993812416755,45,33.51119216023208,33.60059523282288,1337.3858829821706,1338.0261581897419,15.0996688705415,15.113302512879427,0,0,0,1,0,3.0,0.0
1,0,4.844187086458591,66,31.52776554086889,31.74901573277509,1260.9619343977042,1260.7771412902441,11.832159566199232,11.872499903652425,0,0,0,0,0,1.0,1.0
0,1,4.875197323201151,45,35.17101079013795,35.298725189445584,3120.4278552788237,3120.5954559987426,21.047565179849187,21.05721281999753,0,0,0,0,0,2.0,0.0
0,1,4.897839799950911,51,17.349351572897472,17.663521732655695,1046.458790397405,1046.9646603395934,12.68857754044952,12.720225005017447,0,0,0,1,0,2.0,0.0
1,0,4.795790545596741,98,32.41913015489465,32.55764119219941,873.6320735870449,874.216792334716,8.774964387392123,8.782743728731685,0,0,0,0,0,1.0,1.0
1,0,4.927253685157205,99,22.427661492005804,23.021728866442675,1409.2434140346372,1409.4818196770045,26.13426869074396,26.139187085933315,0,0,0,0,0,2.0,1.0
0,1,4.976733742420574,126,38.27531841800928,38.561638969317684,1355.2704527141436,1355.5367940413864,51.836280730777744,51.839036863087536,1,0,0,0,0,2.0,2.0
0,1,4.9344739331306915,117,34.87119154832539,35.12833614050059,1243.024939411917,1242.8382839291683,21.93171219946131,21.941727406033575,0,0,0,0,0,2.0,2.0
1,0,4.875197323201151,73,15.7797338380595,16.278820596099706,1260.9611413521036,1260.7569155075057,15.362291495737216,15.375844821902023,0,1,0,0,0,2.0,1.0
1,0,4.9344739331306915,147,32.18695387886216,32.357379374726875,636.9474075620373,635.8686971380176,19.209372712298546,19.217019969920102,0,0,0,0,0,2.0,2.0
0,1,4.844187086458591,56,22.02271554554524,22.315913604421397,1051.5331663813558,1051.8569294347972,10.392304845413264,10.4128038958623,0,0,0,0,0,1.0,0.0
1,0,4.68213122712422,211,32.66496594212215,32.78719262151,486.97741220717825,488.24379156319026,15.620499351813308,15.64914540452344,1,0,0,0,0,0.0,4.0
1,0,4.941642422609304,56,30.659419433511783,30.822070014844883,1017.7504605746931,1017.5470505092136,10.816653826391969,10.827550605267161,0,0,0,0,0,2.0,0.0
1,0,5.111987788356544,65,22.759613353482084,23.259406699226016,912.8395258751672,913.0153339347593,11.532562594670797,11.5734212391547,0,0,0,0,0,3.0,1.0
0,1,4.859812404361672,37,34.77067730142742,35.12833614050059,1199.6074357888917,1199.822070142069,17.944358444926362,17.96470453695155,0,0,0,0,0,1.0,0.0
0,1,5.081404364984463,202,1.4142135623730951,4.47213595499958,341.39273571650585,343.35841332345416,36.864617182333525,36.86750805300958,0,0,0,0,0,3.0,4.0
1,0,3.784189633918261,99,7.810249675906654,10.099504938362077,2181.0919283698245,2181.0786322368112,44.474711915874174,44.475584166111275,0,0,0,0,0,0.0,1.0
1,0,4.867534450455582,85,32.90896534380867,33.166247903554,1999.20509203033,1998.8864399960294,18.547236990991408,18.557962076255954,0,0,0,0,0,2.0,1.0
0,1,4.955827057601261,45,13.527749258468683,15.165750888103101,1251.5178784180432,1251.7563660712894,21.61018278497431,21.623522593814897,0,1,0,0,0,2.0,0.0
1,0,4.795790545596741,74,5.196152422706632,6.6332495807108,1637.785089686678,1637.6284682430262,21.517434791350013,21.527388789375607,0,1,0,0,0,1.0,1.0
0,1,4.948759890378168,38,6.48074069840786,7.615773105863909,966.7533294486242,966.0072463496327,15.84297951775486,15.869625253163186,0,0,1,0,0,2.0,0.0
1,0,4.890349128221754,70,29.816103031751148,30.04995840263344,415.12046444375636,414.73967738811774,10.535653752852738,10.568553743080843,0,0,0,0,0,2.0,1.0
0,1,4.927253685157205,150,12.609520212918492,13.892443989449804,844.876322309958,844.5170217349086,72.44998274671983,72.45548359590333,1,0,0,0,0,2.0,2.0
1,0,5.043425116919247,70,32.69556544854363,32.87856444554719,1398.5113514019113,1398.5288699201028,14.45683229480096,14.488316475496879,0,0,0,0,0,3.0,1.0
0,1,4.8283137373023015,35,34.14674215792775,34.655446902326915,282.1240861748603,280.77571120023896,21.330729007701542,21.34434968835764,0,0,0,0,0,1.0,0.0
1,0,4.927253685157205,66,24.758836806279895,25.099800796022265,684.8247951118592,685.1496186965296,17.776388834631177,17.789392892042276,0,0,0,0,0,2.0,1.0
1,0,5.111987788356544,75,24.596747752497688,24.95996794869737,922.715557471532,922.8651039019733,19.235384061671343,19.253804946873338,0,0,0,0,0,3.0,1.0
0,1,5.075173815233827,68,33.31666249791537,33.83784863137726,633.8059639984465,633.8887915084159,66.57326790837296,66.57707474217484,0,0,0,0,0,3.0,1.0
1,0,4.919980925828125,69,10.63014581273465,11.045361017187261,748.8244119952287,748.3214549911021,17.86057109949175,17.881086076486117,0,1,0,0,0,2.0,1.0
0,1,5.0106352940962555,43,6.557438524302,14.7648230602334,1235.975727917017,1236.1917327016874,81.8657437515839,81.87018888720357,0,0,1,0,0,3.0,0.0
1,0,5.030437921392435,76,17.204650534085253,17.832554500127006,1021.4656137139419,1022.0660448327202,15.066519173319364,15.088089433748053,0,0,0,0,0,3.0,1.0
1,0,4.844187086458591,77,39.11521443121589,39.57271787481876,2308.8287073752354,2309.1407492831613,38.27531841800928,38.28613217008125,0,0,0,0,0,1.0,1.0
0,1,4.927253685157205,44,6.6332495807108,14.798648586948742,1319.183459568835,1319.2073377600657,83.86894538504703,83.87387855793597,0,0,1,0,0,2.0,0.0
0,1,4.969813299576001,40,35.4964786985977,35.70714214271425,424.8093690115603,424.36658680909363,17.435595774162696,17.436718776061888,0,0,0,0,0,2.0,0.0
0,1,4.859812404361672,96,24.979991993593593,25.238858928247925,1425.044911572965,1424.865256787462,23.853720883753127,23.857484407137548,0,0,0,0,1,1.0,1.0
1,0,4.875197323201151,75,2.0,4.123105625617661,422.2653194379098,420.9287350609364,25.436194683953808,25.449187014350287,0,1,0,0,0,2.0,1.0
1,0,4.77912349311153,55,38.704004960727254,38.79432948254165,1873.4615021398224,1873.3608835459333,14.966629547095765,14.978408966953399,1,0,0,0,0,1.0,0.0
1,0,4.852030263919617,57,30.967725134404045,31.096623610932426,1884.6015493997663,1884.134283961735,17.406895185529212,17.42459216586395,1,0,0,0,0,1.0,0.0
1,0,4.955827057601261,72,6.557438524302,7.681145747868608,1109.1307407154488,1109.699959448499,15.905973720586866,15.913128936383096,0,0,0,0,0,2.0,1.0
0,1,4.804021044733257,35,6.48074069840786,14.866068747318506,1399.7885554611453,1399.9478561717933,83.60023923410746,83.6047510263399,0,0,1,0,0,1.0,0.0
0,1,5.236441962829949,42,30.59411708155671,30.757112998459398,799.7043203584685,800.3318061904075,15.620499351813308,15.640347114409197,0,0,1,0,0,4.0,0.0
0,1,4.890349128221754,42,6.244997998398398,14.866068747318506,1350.7627474875076,1350.7301729064914,82.44392033376384,82.44736229917005,0,0,1,0,0,2.0,0.0
0,1,4.948759890378168,40,6.557438524302,14.106735979665885,1222.2438381926906,1222.35346770073,112.97344820797495,112.97546624706668,0,0,1,0,0,2.0,0.0
1,0,4.875197323201151,68,13.038404810405298,13.674794331177344,1222.9149602486675,1223.3866927509061,19.261360284258224,19.279571100287477,0,1,0,0,0,2.0,1.0
0,1,4.836281906951478,43,6.557438524302,14.142135623730951,1556.25030120479,1556.3229099386797,75.9802605944465,75.98599239816949,0,0,1,0,0,1.0,0.0
1,0,4.61512051684126,305,33.88214869219483,34.161381705077446,763.0111401545852,763.0288330069841,10.344080432788601,10.375461995201437,0,0,0,0,0,0.0,6.0
1,0,4.812184355372417,101,20.445048300260872,20.639767440550294,1651.8513855671158,1651.294340812685,16.34013463836819,16.368854274789413,0,0,0,0,0,1.0,1.0
0,1,4.820281565605037,67,22.781571499789035,23.021728866442675,1160.4938603887572,1160.9500419914718,13.674794331177344,13.677541488081834,0,0,0,0,0,1.0,1.0
0,1,4.941642422609304,44,11.313708498984761,12.36931687685298,800.3861568018277,800.3499234709778,22.58317958127243,22.58524601343549,0,1,0,0,0,2.0,0.0
0,1,4.997212273764115,43,28.635642126552707,28.827070610799147,810.2900715176016,810.3215411180922,19.313207915827967,19.32553001070648,0,0,0,0,0,3.0,0.0
0,1,4.700480365792417,41,30.099833886584822,30.675723300355934,177.0706073858674,178.47969072138153,35.874782229304195,35.883557957365106,0,0,0,0,0,1.0,0.0
1,0,4.997212273764115,74,26.832815729997478,27.110883423451916,2293.5925967791227,2293.3131055309477,17.804493814764857,17.813490930896926,0,0,0,0,0,3.0,1.0
0,1,4.969813299576001,44,6.6332495807108,14.0,1246.927022724265,1246.8945424533704,115.4296322440646,115.43042444852455,0,0,1,0,0,2.0,0.0
0,1,4.820281565605037,203,2.8284271247461903,3.872983346207417,675.1125832037202,674.3915776461032,19.209372712298546,19.219095539175793,0,0,0,0,0,1.0,4.0
0,1,4.653960350157523,130,39.761790704142086,39.91240408695021,749.38775010004,750.3106023507864,24.43358344574123,24.441966451523932,1,0,0,0,0,0.0,2.0
0,1,4.919980925828125,104,12.68857754044952,13.490737563232042,629.3663480040858,628.6238939143182,17.11724276862369,17.135093919418384,0,0,0,0,0,2.0,1.0
1,0,5.075173815233827,140,32.09361307176243,32.41913015489465,887.5004225351107,887.2581360573708,9.848857801796104,9.896729207268393,0,0,0,0,0,3.0,2.0
0,1,4.919980925828125,37,6.244997998398398,13.820274961085254,1289.045383219691,1288.9456931926961,112.12938954618454,112.13143488780958,0,0,1,0,0,2.0,0.0
1,0,5.0369526024136295,74,13.711309200802088,14.071247279470288,1985.3410286396643,1985.725811888439,10.770329614269007,10.772947129534312,0,0,0,0,0,3.0,1.0
0,1,4.948759890378168,39,6.324555320336759,14.071247279470288,1496.8650573782527,1496.9979959906425,104.89518578085459,104.89645952566873,0,0,1,0,0,2.0,0.0
0,1,5.017279836814924,52,24.939927826679853,25.079872407968907,671.6271286956774,671.0998435404377,9.219544457292887,9.23885234259401,0,0,0,1,0,3.0,0.0
1,0,4.8283137373023015,143,39.179076048319466,39.30648801406709,1091.4316286419412,1091.7174542893413,15.524174696260024,15.541854251966836,0,0,0,0,0,1.0,2.0
1,0,4.882801922586371,101,34.38022687534217,34.42382895611701,703.9090850386859,704.7148359442988,13.114877048604,13.121967650951186,0,0,0,0,0,2.0,1.0
0,1,4.812184355372417,36,6.082762530298219,13.564659966250536,458.44628911138545,459.857586650476,67.53517601961218,67.5411251307249,0,0,1,0,0,1.0,0.0
1,0,4.919980925828125,105,33.58571124749333,33.704599092705436,1623.6033998486207,1623.8888508761922,9.486832980505138,9.492017098444514,0,0,0,0,0,2.0,1.0
0,1,4.890349128221754,42,33.54101966249684,33.896902513356586,1591.002199872772,1590.7567381595466,24.71841418861655,24.733124743000957,0,0,0,0,0,2.0,0.0
0,1,5.081404364984463,46,32.63433774416144,32.7566787083184,1383.841392645848,1383.7572041366216,17.916472867168917,17.935346806768916,0,0,0,0,0,3.0,0.0
0,1,4.955827057601261,43,6.782329983125268,14.66287829861518,1599.1416447582121,1598.6897760353634,79.39773296511683,79.39890533378937,0,0,1,0,0,2.0,0.0
1,0,4.976733742420574,75,10.198039027185569,10.770329614269007,451.6359153123232,452.065260775477,18.16590212458495,18.172823631227534,0,0,0,0,0,2.0,1.0
1,0,4.962844630259907,305,32.984845004941285,33.2264954516723,987.7337697983197,987.2578184040884,17.0,17.00912407235365,0,0,0,0,0,2.0,6.0
0,1,4.897839799950911,38,6.48074069840786,14.798648586948742,1247.5303603520035,1247.158370055704,81.87185108448446,81.87678834346035,0,0,1,0,0,2.0,0.0
1,0,4.859812404361672,85,8.12403840463596,8.602325267042627,1986.6564876696725,1986.5386983394005,14.52583904633395,14.532063085780866,0,0,0,0,0,1.0,1.0
1,0,5.030437921392435,55,38.45776904605882,38.65229618017538,1117.8846094297926,1117.854194427878,14.071247279470288,14.101300884062255,0,0,0,0,0,3.0,0.0
0,1,4.990432586778736,43,10.14889156509222,12.68857754044952,396.9811078628302,395.6829538911172,51.99038372622383,51.999861619848936,0,0,1,0,0,3.0,0.0
0,1,4.948759890378168,44,1.0,19.697715603592208,714.1022335772378,715.395694703288,145.58502670261115,145.58649407621095,0,0,1,0,0,2.0,0.0
0,1,5.356586274672012,150,20.346989949375804,21.236760581595302,371.07007424474426,371.502355308819,95.75489543621255,95.756395244038,1,0,0,0,0,4.0,2.0
0,1,5.043425116919247,45,34.88552708502482,35.0,1189.0311181798397,1189.1164787353675,4.69041575982343,4.7117511938939485,0,0,0,1,0,3.0,0.0
